{"type":"Topology","transform":{"scale":[0.00014165848646034902,0.00011540741857659834],"translate":[84.265548,20.535703]},"arcs":[[[7089,4965],[-60,49],[-135,163],[-45,183],[-105,33],[-90,-20],[-99,-74],[-104,19],[-49,50],[-86,114],[-96,73],[-139,43],[-7,119],[103,207],[-50,77],[-150,15],[-185,40],[-117,45],[-84,74],[-272,402]],[[5319,6577],[50,0],[61,-8],[18,7],[17,4],[-11,44],[-25,55],[-29,57],[-27,53],[-26,51],[-28,51],[-26,49],[-3,32],[7,53],[0,59],[-1,59],[-2,59],[1,61],[-2,59],[-16,52],[-29,45],[-36,40],[-40,38],[-41,37],[-40,36],[-13,34],[14,60],[19,59],[26,45],[41,16],[54,-7],[54,-6],[50,0],[51,-1],[50,0],[51,0],[51,-2],[53,-7],[34,34],[23,56],[22,60],[27,46],[40,21],[48,6],[52,-3],[53,-7],[54,-6],[51,-3],[55,-10],[54,-8],[49,4],[38,25],[34,38],[30,43],[29,48],[27,51],[27,52],[27,52],[28,52],[29,48],[29,48],[31,48],[31,47],[34,41],[47,17],[38,8],[3,53],[1,58],[-2,60],[-4,62],[-9,61],[-12,57],[-17,53],[-26,50],[-34,47],[-40,41],[-42,33],[-44,21],[-48,8],[-51,-3],[-53,-6],[-52,-5],[-36,0],[28,84],[19,53],[20,54],[21,52],[21,53],[23,51],[25,51],[26,51],[28,51],[29,49],[33,40],[23,7],[21,7],[54,-8],[48,3],[22,60],[17,71],[17,53],[20,7],[19,-44],[20,-68],[25,-63],[36,-30],[54,6],[54,7],[52,2],[30,-38],[21,-52],[20,-57],[22,-55],[25,-50],[28,-49],[29,-50],[29,-49],[27,-49],[26,-49],[23,-51],[20,-51],[5,-55],[-10,-58],[-11,-59],[0,-59],[5,-59],[9,-58],[18,-53],[28,-46],[35,-42],[37,-41],[36,-43],[30,-46],[25,-50],[23,-52],[19,-54],[18,-55],[18,-59],[11,-59],[-4,-53],[-23,-47],[-27,-35],[-6,-8],[-39,-41],[-40,-41],[-35,-43],[-32,-48],[-32,-48],[-33,-45],[-37,-34],[-53,-26],[31,-30],[48,-27],[45,-30],[41,-33],[36,-38],[28,-44],[24,-52],[19,-57],[16,-60],[12,-61],[9,-58],[7,-55],[-6,-39],[-60,8],[-5,-52],[1,-59],[4,-63],[5,-64],[3,-62],[-2,-56],[-9,-47],[-43,-4],[-61,12],[-45,-22],[-43,-30],[-42,-34],[-41,-37],[-38,-40],[-34,-41],[-35,-48],[-31,-54],[-19,-55],[1,-50],[20,-49],[33,-49],[40,-45],[43,-35],[43,-21],[50,-3],[53,6],[52,6],[53,2],[55,5],[56,7],[54,3],[50,-1],[41,-11],[23,-29],[-7,-61],[-12,-70],[13,-55],[29,-44],[31,-44],[35,-41],[36,-41],[37,-41],[39,-40],[38,-39],[39,-40],[37,-40],[36,-40],[37,-40],[38,-39],[37,-39],[38,-39],[11,-25],[26,-14],[39,-37],[39,-37],[17,-17],[-309,33],[-90,-20],[-69,-5],[-169,-39],[-104,6],[-89,-33],[-54,-58],[-99,-87],[-101,-20],[-99,-74]],[[4838,5367],[21,42],[7,57],[4,59],[3,59],[6,59],[5,61],[-3,56],[-20,50],[-32,43],[-39,41],[-38,41],[-31,45],[-23,52],[-17,56],[-10,57],[-4,57],[4,59],[11,58],[18,55],[24,51],[28,52],[33,47],[36,39],[41,25],[48,3],[54,-7],[52,-5],[51,-1],[50,0],[51,0],[50,0],[51,-1],[50,0]],[[7089,4965],[4,-80],[30,-117],[-13,-188],[-30,-68],[-84,-140],[-91,-6],[-103,-8],[-89,-46],[-98,-87],[29,-118],[64,-115]],[[6708,3992],[-51,-110],[-79,-232],[-97,-100],[-89,-47],[-101,59],[-117,-61],[-87,-73],[-195,12],[-188,80],[-184,13],[-99,-73]],[[5421,3460],[-10,185],[-52,116],[-41,117],[-18,119],[-15,65],[-74,101],[-156,122],[-49,50],[-52,116],[78,245],[40,110],[16,121],[-250,440]],[[5421,3460],[44,-170],[118,-130],[95,12],[92,-7],[105,-45],[188,-93],[152,-42],[80,-8]],[[6295,2977],[-72,-138],[-87,-87],[-182,-13],[-99,-73],[-16,-135],[-109,-88],[-57,-17],[-172,14],[-106,46],[-86,113],[6,94],[-6,119],[-96,73],[-100,-47],[-80,-219],[-86,-99],[-28,-109],[75,-114],[-29,-95],[-56,-31],[-111,-48],[-88,-73]],[[4710,2050],[-114,-8],[-88,-60],[-108,-114],[-80,-6],[-130,71],[-105,45],[-100,-60]],[[3985,1918],[-44,170],[-6,119],[77,135],[11,125],[-51,102],[-104,19],[-70,22],[-40,90]],[[3758,2700],[109,101],[53,71],[57,217],[-12,212],[-47,236],[-126,204],[-98,113],[-137,203],[-156,122],[-104,32],[-373,399]],[[2924,4610],[-50,37],[-31,46],[-30,49],[-37,58],[14,55],[14,56],[15,55],[17,55],[16,55],[18,55],[22,52],[26,49],[29,49],[32,47],[35,42],[37,32],[53,-7],[51,-1],[50,0],[51,0],[53,8],[46,-13],[7,-6],[30,-30],[35,-44],[33,-47],[35,-43],[39,-31],[53,5],[50,0],[51,0],[50,-1],[56,-4],[39,8],[-15,52],[-28,61],[-22,57],[6,34],[60,-7],[52,-2],[51,-1],[50,0],[51,0],[50,0],[51,0],[52,4],[53,6],[53,4],[49,-3],[44,-14],[36,-35],[28,-52],[28,-56],[31,-45],[45,-25],[61,-8],[51,11],[17,32],[-7,55],[-18,65],[-15,62],[-16,62],[-16,64],[-6,53],[23,30],[58,7],[56,-17],[28,-38],[17,-56],[14,-61],[20,-48],[13,-20]],[[3758,2700],[-66,-44],[-78,-33],[-68,-18],[-105,32],[-231,50],[-101,-34],[-69,-5],[-106,59],[-103,-7],[-134,-50],[-272,-59],[-110,-75],[-85,-113],[-103,-7],[-112,-35],[-68,182],[-54,-57],[-39,-123],[-74,-99],[-121,-88],[-80,-6],[-57,209],[-27,64],[-212,118],[-60,49],[-89,154],[-35,223],[-6,106],[-41,117],[-133,427]],[[919,3637],[15,18],[23,55],[23,58],[27,46],[49,2],[53,-4],[30,49],[29,57],[22,55],[7,42],[-55,-8],[-40,23],[-22,58],[-12,64],[7,55],[27,40],[37,39],[42,35],[47,32],[48,28],[48,23],[48,12],[52,-3],[53,-9],[52,-6],[47,8],[38,31],[32,49],[30,53],[32,46],[41,26],[47,9],[50,1],[52,-5],[53,-7],[52,-4],[50,-1],[51,0],[50,0],[15,0],[36,0],[50,-1],[51,0],[50,0],[50,-1],[51,0],[50,0],[51,0],[50,-1],[51,0],[50,0],[50,0],[51,-1],[50,0],[64,10]],[[6708,3992],[96,-73],[199,-92],[49,-50],[38,-63],[40,-117],[-73,-125],[-26,-138],[54,-153],[-103,-208],[-28,-121]],[[6954,2852],[-194,-1],[-200,92],[-81,21],[-184,13]],[[3985,1918],[-96,-127],[-103,-7],[-92,-28],[-94,-119],[18,-118],[-28,-109],[-104,-194],[-50,-123],[-28,-122],[6,-106],[30,-118],[51,-135]],[[3495,612],[-43,14],[-55,-11],[-49,5],[-41,33],[-37,42],[-36,44],[-37,41],[-41,32],[-45,17],[-49,4],[-52,-4],[-52,-6],[-52,-3],[-52,-2],[-53,-6],[-54,-6],[-52,-3],[-50,2],[-44,11],[-35,30],[-20,56],[-16,64],[-23,51],[-46,7],[-54,-7],[-34,36],[-27,49],[-26,53],[-29,50],[-34,43],[-35,44],[-37,44],[-39,38],[-42,31],[-44,20],[-50,6],[-53,-3],[-55,-8],[-54,-8],[-50,-2],[-45,8],[-33,30],[-16,57],[-12,66],[-19,53],[-51,-1],[-23,51],[-18,60],[-20,55],[-31,37],[-46,9],[-54,-7],[-54,-6],[-50,1],[-51,0],[-50,0],[-50,1],[-51,0],[-50,0],[-53,-5],[-53,-6],[-47,8],[-37,32],[-31,46],[-29,51],[-30,50],[-41,23],[-15,41],[2,60],[3,61],[-16,34],[-13,57],[-9,58],[-9,58],[-11,57],[-10,58],[-14,57],[-19,52],[-27,49],[-31,49],[-34,45],[-37,39],[-40,29],[-53,-6],[-51,-2],[-36,37],[-28,51],[-28,55],[-32,44],[-40,25],[-47,6],[-52,-3],[-54,-7],[-52,-4],[40,32],[29,47],[28,50],[29,49],[30,46],[32,45],[32,45],[32,44],[31,46],[28,52],[26,54],[28,49],[34,35],[44,14],[52,-4],[54,-8],[51,-2],[51,0],[50,0],[51,-2],[55,-8],[52,-5],[44,14],[16,21]],[[6954,2852],[78,-168],[168,66],[98,-100],[63,-115],[137,-203],[135,-150],[-42,-83],[-2,-132],[-112,-121],[-115,63],[-117,32],[-186,66],[-58,9],[-113,-21],[-29,-109],[30,-118],[46,-209],[-8,-67],[-92,-194],[-55,-243],[-88,-73],[-70,21],[-50,90],[-41,117],[-63,102],[-39,77]],[[6429,1389],[159,238],[73,125],[-27,65],[-147,175],[-93,34],[-69,-5],[-90,-20],[-103,-8],[-129,58],[-192,159],[-99,-74],[-26,-135],[-43,-56],[-201,-95],[-99,-74],[-67,-31],[-79,-19],[-105,46],[-95,59],[-197,39],[-90,180]],[[6429,1389],[-69,8],[-96,-127],[32,-157],[6,-119],[30,-118],[17,-105],[6,-106],[-10,-101],[-45,41],[-24,-3],[-20,9],[-49,6],[-51,-3],[-53,-6],[-51,-3],[-51,0],[-50,0],[-51,1],[-50,0],[-52,3],[-28,-29],[-2,-62],[-2,-62],[-11,-51],[-50,0],[-54,8],[-37,-31],[-31,-49],[-29,-51],[-31,-46],[-37,-32],[-50,-2],[-53,8],[-51,1],[-50,0],[-51,0],[-50,0],[-51,1],[-50,0],[-51,0],[-50,0],[-50,1],[-52,-4],[-53,-4],[-40,26],[-33,45],[-30,51],[-32,47],[-37,36],[-46,19],[-53,4],[-53,-9],[-45,-22],[-41,-31],[-38,-37],[-38,-41],[-37,-42],[-38,-39],[-38,-38],[-38,-39],[-37,-39],[-37,-39],[-37,-57],[-289,218],[-53,5],[-17,0],[-7,68],[-6,60],[-6,61],[-2,6],[-97,-5],[-30,41],[-23,56],[-22,57],[-29,45]]],"objects":{"layer1":{"type":"GeometryCollection","geometries":[{"arcs":[[0,1]],"type":"Polygon","properties":{"ID_":"IND021010107","NAME1_":"Pallahara","AreaLevel":4,"AreaGId":0,"Parent_Are":"IND0210101"}},{"arcs":[[2,-1,3,4,5]],"type":"Polygon","properties":{"ID_":"IND021010105","NAME1_":"Kaniha","AreaLevel":4,"AreaGId":0,"Parent_Are":"IND0210101"}},{"arcs":[[-6,6,7,8,9,10,11]],"type":"Polygon","properties":{"ID_":"IND021010104","NAME1_":"Chhendipada","AreaLevel":4,"AreaGId":0,