{"type":"Topology","transform":{"scale":[0.0001409787861758911,0.00012531672791615605],"translate":[82.696342,20.151073]},"arcs":[[[6698,5723],[-280,67],[-151,15],[-96,-63],[-54,-119],[-39,-113],[-78,-42],[7,-109],[-102,-32],[-133,102],[-68,85],[-88,87],[-95,-105],[-60,32],[-113,138],[-319,237]],[[5029,5903],[0,53],[-8,58],[-14,54],[-20,48],[-26,47],[-29,45],[-31,47],[-12,30],[4,53],[4,54],[5,54],[6,54],[7,53],[7,52],[-52,11],[-54,0],[-50,0],[-51,1],[-51,0],[-52,-3],[-54,-6],[-43,16],[-39,34],[-37,41],[-30,47],[-22,47],[-7,49],[9,54],[17,54],[21,50],[24,49],[28,48],[32,42],[36,31],[48,7],[54,-8],[52,-3],[53,-6],[52,-6],[51,2],[45,15],[32,28],[10,8],[41,48],[38,47],[34,35],[30,10],[19,-32],[11,-61],[11,-66],[15,-56],[15,-65],[17,-58],[24,-28],[33,10],[36,30],[40,42],[42,46],[42,39],[44,21],[53,-6],[51,-1],[50,0],[51,0],[10,0],[-21,-435],[74,-175],[51,-82],[75,-93],[82,-32],[58,-8],[203,75],[90,-23],[95,11],[70,-20],[107,-67],[71,-32],[103,19],[136,22],[20,-134],[-16,-124],[-81,-131],[-43,-98],[-27,-112]],[[3184,5702],[14,-2],[48,6],[40,27],[35,40],[14,20],[19,25],[34,41],[39,32],[50,0],[54,-7],[40,26],[32,42],[31,47],[33,43],[38,30],[46,11],[51,-2],[54,-7],[53,-2],[58,9],[22,-35],[10,-50],[5,-55],[3,-58],[4,-57],[6,-55],[10,-50],[28,-25],[59,9],[44,-28],[43,-39],[42,-42],[41,-38],[40,-28],[38,-11],[32,20]],[[4394,5539],[79,-320],[-50,-144],[-97,-39],[-68,-17],[-145,-60],[-52,-78],[20,-121]],[[4081,4760],[-87,-55],[-100,-216],[-27,-100],[-3,-122],[109,-78],[89,32],[105,-17],[6,-97],[54,-106]],[[4227,4001],[-99,-56],[-124,-34],[-120,-95],[-121,-71],[-129,39],[-129,-25],[-69,-88],[-55,-41],[-62,-90],[-5,-87],[6,-97],[-28,-88]],[[3292,3268],[-51,70],[-162,195],[-106,29],[-112,-34],[-96,66],[-56,131],[-85,79],[-93,17],[-59,20],[-107,53],[-94,29],[-60,32],[-108,77],[16,99],[107,106],[-7,98],[-42,97]],[[2177,4432],[79,28],[14,123],[-17,85],[64,66],[104,-17],[65,66],[97,81],[79,19],[101,32],[49,-45],[-51,-90],[-50,-101],[69,-7],[67,29],[78,31],[30,63],[54,41],[90,-127],[79,18],[52,77],[-54,106],[-39,71],[3,122],[29,76],[17,87],[-2,436]],[[2177,4432],[-40,92],[-65,105],[-96,66],[-75,-79],[31,-108],[-42,-64],[-202,-65],[16,-60],[133,-99],[110,-90],[43,-119],[-59,-139],[-38,-113],[-121,-83],[-93,30],[-202,94],[-89,-43],[21,-133],[-89,-32],[-96,54],[-98,90],[-64,-66],[-183,-173],[-74,-91],[-75,-67]],[[730,3339],[-374,188]],[[356,3527],[17,49],[17,51],[12,53],[5,28],[3,24],[5,55],[0,54],[-8,52],[-20,48],[-27,47],[-26,47],[-15,50],[4,60],[9,60],[-6,45],[-33,18],[-51,0],[-58,-7],[-55,-4],[-51,0],[5,47],[8,50],[10,53],[12,54],[13,54],[12,55],[11,53],[16,-8],[57,6],[53,0],[58,-8],[55,-5],[39,12],[11,40],[-7,58],[-6,61],[11,52],[22,47],[26,47],[25,47],[20,50],[18,53],[16,54],[16,54],[17,52],[19,48],[23,44],[28,34],[48,1],[58,-13],[50,8],[44,24],[42,29],[41,32],[41,34],[39,35],[40,34],[38,34],[38,36],[37,37],[37,36],[38,36],[38,36],[37,38],[39,37],[39,33],[42,27],[46,13],[52,-5],[65,-3],[43,5],[23,-43],[12,-67],[11,-59],[18,-21],[24,25],[28,52],[31,58],[34,45],[52,16],[44,-22],[22,-44],[18,-53],[15,-54],[15,-52],[10,-47],[2,-8],[13,-53],[18,-46],[48,-3],[52,-3],[52,-5],[49,5],[47,20],[47,29],[47,32],[46,33],[45,31],[43,23],[43,14],[39,-3],[31,-41],[28,-61],[29,-54],[35,-22],[42,8],[42,19],[45,28],[45,33],[47,33],[47,31],[47,24],[48,11],[53,-6],[39,-6]],[[4394,5539],[26,50],[26,58],[19,29],[12,19],[43,16],[54,-7],[52,-4],[54,-6],[53,-6],[50,1],[43,17],[34,36],[30,47],[28,48],[32,41],[56,0],[23,25]],[[6698,5723],[6,-98],[-28,-112],[-111,-68],[-100,-56],[-17,-99],[53,-119]],[[6501,5171],[-165,-122],[-68,-16]],[[6268,5033],[-104,5],[-92,-16],[-105,40],[-100,128],[-93,-29],[-153,-110],[-71,-128],[-28,-100],[8,-109],[-27,-112],[-189,83],[-108,-94],[-133,-59],[-87,-80],[-88,-44],[-106,28],[-103,5],[-124,-34],[-116,15],[-75,92],[-99,102],[-108,65],[-86,79]],[[6268,5033],[40,-96],[52,-95],[108,-66],[-51,-114],[-112,-44],[-16,-124],[-43,-51],[-105,29],[-51,-101],[29,-109],[53,-106],[-61,-104],[56,-191],[4,-73],[-40,-101],[-97,-105],[-42,-64],[43,-132]],[[6035,3386],[-110,-48],[-201,82],[-115,16],[-157,-49],[-79,-31],[-90,-19],[-115,3],[-89,-31],[-27,-112],[19,-109],[-60,-114],[-105,16],[-66,129],[-98,78],[-109,-81],[-105,28],[38,113],[73,104],[15,111],[-65,105],[-30,108],[-51,111],[-109,35],[-71,31],[-101,139]],[[6501,5171],[60,-33],[18,-109],[64,-107],[101,32],[82,-19],[15,-61],[-5,-98],[6,-110],[95,-43],[65,-130],[18,-110],[98,-91],[-17,-99],[-103,-203],[-90,-215],[-149,-194],[-62,-114],[-38,-138]],[[6659,3329],[-81,7],[-93,19],[-185,12],[-160,-11],[-105,30]],[[3292,3268],[-78,-30],[-100,-45],[-27,-100],[-18,-74],[-76,-55]],[[2993,2964],[-37,-125],[-43,-53],[-64,-66],[-67,-17],[-43,-52],[-88,-44],[-78,-30],[-113,-34],[-16,-99],[30,-95],[-88,-56],[-69,7],[-4,-110]],[[2313,2190],[-87,103],[-108,65],[-118,40],[-94,41],[-117,28],[-104,4],[-95,54],[-66,117],[-19,109],[-29,83],[-39,70],[-108,65],[-106,41],[-104,4],[-101,-20],[-70,7],[-58,20],[-88,103],[-42,107],[-30,108]],[[6659,3329],[-16,-111],[-7,-86],[1,-187],[-53,8],[-50,1],[-44,-11],[-33,-32],[-25,-49],[-21,-54],[-11,-21]],[[6400,2787],[-124,27],[-104,5],[-90,42],[-114,-92],[19,-109],[-7,-87],[-95,-43],[-71,-57],[-173,11],[-99,-56],[-20,-78]],[[5522,2350],[-53,72],[-56,45],[-58,20],[-58,7],[-103,-8],[-71,32],[-155,85],[-110,90],[-94,29],[-68,-5],[-90,-19],[-193,-40],[-56,-16],[-80,6],[-117,27],[-111,102],[-198,46],[-198,204],[-158,135],[-107,53],[-96,53]],[[2313,2190],[123,-113],[43,-119],[-58,-60],[-120,-4],[-78,-104],[-63,-28],[-58,8],[-94,29],[-89,-43],[-68,-133],[-74,-30]],[[1777,1593],[-57,84],[-135,-10],[-63,33],[-9,122],[-93,17],[-204,-187],[-106,-55],[-107,-23],[-99,-65]],[[904,1509],[-7,0],[-29,-37],[-20,-52],[-21,-52],[-25,-42],[-45,-11],[-56,6],[-13,19],[31,39],[37,41],[35,43],[27,46],[18,52],[10,55],[5,53],[-30,19],[-53,5],[-56,8],[-49,-2],[-33,-28],[-13,-62],[-8,-67],[-16,-36],[-29,16],[-34,46],[-37,56],[-39,47],[-38,19],[-44,-16],[-48,-38],[-49,-47],[-49,-41],[27,52],[34,59],[6,50],[-17,47],[-30,47],[-35,45],[-17,22],[-16,20],[-37,38],[-40,35],[-39,36],[-32,39],[-10,20],[-12,25],[-8,53],[0,55],[1,55],[2,54],[5,53],[8,53],[11,52],[14,51],[16,51],[16,50],[15,51],[16,51],[14,51],[13,52],[14,52],[11,53],[5,52],[-9,53],[-17,54],[-11,52],[10,48],[25,44],[34,42],[34,43],[29,44],[23,48],[22,50],[22,47],[33,30]],[[5522,2350],[-20,-188]],[[5502,2162],[-12,-9],[-45,-27],[-45,-26],[-44,-28],[-41,-31],[-37,-36],[-32,-41],[-30,-44],[-30,-43],[-32,-43],[-30,-45],[-30,-46],[-31,-42],[-17,-15],[-19,-18],[-49,-2],[-55,9],[-41,-24],[-34,-37],[-33,-44],[-32,-44],[-34,-39],[-45,-12],[-28,-46],[-26,-50],[-28,-45],[-35,-32],[-50,-2],[-57,13],[-46,-9],[-35,-34],[-13,-17]],[[4386,1253],[-120,85],[-70,19],[-117,28],[-129,39]],[[3950,1424],[-5,73],[26,112],[5,98],[-10,146],[-64,93],[-112,-45],[-73,67],[-28,71],[-49,46],[-81,6],[-100,114],[-52,82],[-40,82],[-28,71],[-40,83],[-52,82],[-63,80],[-38,58],[-111,102],[-42,119]],[[3950,1424],[-113,-21],[-126,-10],[-120,-83],[-7,-61],[-6,-74],[8,-122],[-4,-98],[-26,-124],[-104,-37],[-65,-1],[-49,45],[-86,79],[-58,8],[-28,-88],[28,-71],[-7,-74],[-54,-41],[-76,-67],[-69,7],[-95,54]],[[2893,645],[-29,83],[-17,72],[-95,54],[50,102],[17,87],[-85,54],[-67,-17],[-67,-30],[-68,-5],[-128,14],[-117,-119],[-129,-132],[-60,44],[-63,81],[-63,81],[-50,57],[-6,85],[3,123],[-99,102],[-74,68],[31,144]],[[6400,2787],[-14,-29],[-36,-44],[-40,-45],[-33,-43],[-12,-42],[13,-40],[32,-39],[42,-38],[46,-37],[41,-36],[38,-36],[38,-35],[38,-35],[40,-34],[40,-33],[42,-31],[47,-28],[48,-28],[48,-27],[42,-29],[34,-33],[16,-48],[-8,-39],[-25,-54],[-22,-55],[-1,-17],[-4,-39],[1,-60],[-5,-52],[-25,-29],[-53,8],[-55,0],[-46,-27],[-46,-35],[-46,-38],[-44,-35],[-42,-29],[-38,-16],[-32,6],[-17,46],[-12,65],[-20,58],[-29,44],[-30,45],[-31,46],[-32,45],[-32,44],[-24,28],[-10,13],[-36,38],[-37,34],[-39,29],[-43,19],[-52,4],[-57,-7],[-59,-12],[-56,-10],[-50,-2],[-39,13],[-26,32],[-14,52],[-6,64],[-1,68],[0,65],[-2,53],[-7,34],[-14,-3],[-19,-51],[-25,-69],[-31,-55],[-38,-33],[-29,-21]],[[2893,645],[-66,-42],[-49,-126],[-93,17],[-59,32],