{"type":"Topology","transform":{"scale":[0.00017685699088145903,0.00015772972536348958],"translate":[86.329109,21.022745]},"arcs":[[[5761,4991],[-97,-211],[33,-160],[4,-59],[-5,-78],[-13,-79],[-82,-161],[15,-96],[-32,-71]],[[5584,4076],[-48,26],[-63,-14],[-68,-44],[-67,6],[-88,82],[-104,62]],[[5146,4194],[58,91],[5,69],[-73,4],[-80,-44],[-24,86],[4,88],[-84,24],[-223,44],[-65,25],[-144,97],[-58,45],[-26,142]],[[4436,4865],[43,5],[44,-4],[20,27],[4,46],[5,46],[15,33],[46,0],[45,-7],[0,24],[-18,39],[-27,41],[-32,35],[-33,18],[-41,-2],[-44,-8],[-41,1],[-33,19],[-30,28],[-27,34],[-24,36],[-22,36],[-13,41],[-8,45],[-10,41],[-89,35],[72,66],[-14,139],[50,164],[167,63],[38,20],[99,117],[6,131],[134,16],[132,-56],[194,-21],[95,-163],[-28,-220],[-51,-222],[104,-136],[70,-152],[26,-86],[49,76],[76,-60],[125,-70],[178,-21],[73,-68]],[[5146,4194],[-15,-70],[-62,-123],[11,-85],[24,-86],[4,-68],[-32,-80],[-79,-54],[-53,-42],[-49,-91],[-157,-137],[-48,-66]],[[4690,3292],[-78,28],[-75,34],[-59,65],[-48,87],[-73,236],[-63,142],[-40,56],[-50,55],[-66,35],[-75,24],[-74,14],[-74,5],[-128,232]],[[3787,4305],[95,-1],[17,42],[5,50],[-8,42],[-23,31],[-34,28],[-37,26],[-34,27],[-22,31],[-5,43],[4,20],[6,34],[20,41],[25,9],[30,-11],[35,-22],[36,-29],[35,-33],[33,-33],[25,-33],[16,-50],[11,-50],[13,-29],[23,5],[27,28],[29,40],[25,44],[17,39],[5,42],[-1,44],[5,43],[16,37],[23,36],[23,35],[21,37],[13,46],[9,53],[11,40],[17,9],[24,-21],[26,-38],[28,-42],[31,-36],[34,-14]],[[5761,4991],[121,1],[154,-11],[129,-40],[117,-80],[75,-152],[-18,-396],[27,-114],[83,-105],[30,-161],[101,-184],[-193,-54],[-262,-104],[-166,-97],[-37,3],[-22,24],[-36,-49]],[[5864,3472],[-238,62],[-15,96],[34,41],[59,92],[-15,86],[-5,78],[-14,87],[-86,62]],[[3677,3778],[1,5],[7,46],[1,43],[-3,42],[-5,42],[-8,42],[-9,49],[-6,35],[-6,42],[-6,44],[-7,50],[-3,46],[14,29],[32,8],[43,-3],[57,7],[8,0]],[[4690,3292],[59,-60]],[[4749,3232],[-136,-65],[-26,-22],[-17,-33],[-29,-1],[-25,12],[-28,-10],[0,-5],[-11,-23],[-142,-108],[-128,-117],[-8,4],[-41,-23],[-105,-122],[-31,-10],[-108,-108],[-77,-53],[-198,-194],[-93,-138],[-65,-65],[-22,-23]],[[3459,2128],[-88,117],[-69,74],[-22,66],[31,90],[22,89],[-23,86],[-115,111],[-7,76],[41,90],[77,83],[278,253],[60,72],[78,73],[41,81],[6,49],[-65,171],[-27,69]],[[5864,3472],[43,-28],[-6,-18],[-38,-14],[-456,7],[-131,-11],[-66,-15],[-263,-58],[-48,4],[-14,-12],[23,-19],[-159,-76]],[[2549,3716],[15,0],[41,-1],[25,0],[15,0],[29,0],[12,0],[40,0],[40,0],[41,-1],[20,0],[20,0],[41,0],[21,-2],[23,-3],[10,37],[-2,56],[1,46],[11,11],[18,-4],[20,-5],[35,-16],[38,-23],[39,-27],[37,-29],[34,-30],[27,-30],[17,-41],[13,-44],[18,-36],[31,-16],[43,3],[43,5],[44,-5],[41,-2],[27,23],[16,41],[14,45],[19,36],[34,12],[47,-9],[37,3],[21,31],[12,37]],[[3459,2128],[-19,-19],[-102,-134],[-31,-28],[-38,-67],[-27,-22],[-20,-7],[-25,-7]],[[3197,1844],[-49,84],[-122,41],[3,97],[-51,85],[-48,35],[-133,79]],[[2797,2265],[70,63],[42,85],[2,84],[-12,58],[-32,75],[-22,48]],[[2845,2678],[32,80],[22,89],[23,70],[13,88],[45,169],[-22,66],[-76,34],[-102,33],[-51,84],[-5,68],[-41,85],[-76,66],[-58,106]],[[2845,2678],[-84,33],[-149,39],[-54,-13],[-87,-84],[-42,-61],[-81,-25],[-84,24],[-65,5],[-74,15],[-138,10],[-147,10],[-75,24],[-82,-15],[-55,6],[-47,26],[-51,84],[-273,197]],[[1257,2953],[15,22],[22,36],[18,42],[17,43],[23,33],[32,14],[40,3],[44,-4],[46,-8],[46,-8],[42,-5],[38,2],[31,12],[21,25],[12,35],[8,42],[3,47],[3,48],[3,48],[8,44],[10,42],[11,43],[17,39],[24,31],[31,27],[32,25],[35,23],[37,21],[37,19],[38,16],[37,13],[40,3],[41,-3],[41,-4],[41,-2],[40,0],[41,0],[40,0],[40,-1],[41,0],[40,0],[41,0],[40,0],[25,0]],[[2797,2265],[-94,33],[-76,2],[-66,-79],[-81,-171],[-41,-81],[-42,-61],[-45,-13],[-62,-33]],[[2290,1862],[-33,85],[-47,17],[-82,-6],[-76,53],[-86,9],[-71,1],[-62,-24],[-71,-53],[-43,-42],[-58,-101],[-120,-135]],[[1541,1666],[-120,21],[-64,-14],[-82,5],[-81,-25],[-84,23],[-73,41],[-74,-40],[-31,-100],[-104,52],[-41,85],[-101,149],[-39,36],[-219,130]],[[428,2029],[20,37],[18,39],[19,39],[18,38],[21,37],[23,34],[27,30],[31,25],[35,21],[37,20],[37,19],[36,21],[33,25],[31,26],[31,28],[30,28],[30,28],[30,29],[29,29],[29,30],[28,31],[28,31],[27,31],[27,31],[25,33],[25,33],[25,34],[24,35],[23,34],[23,35],[9,13]],[[3197,1844],[-3,-47],[-22,-65],[-142,-214],[-102,-262],[-57,-97],[-32,-69],[-36,-120],[-3,-23],[18,-32],[-87,31]],[[2731,946],[-24,86],[-32,76],[-82,150],[-22,57],[-14,77],[-23,77],[-32,66],[-77,72],[-37,154],[-98,101]],[[1541,1666],[-9,-156],[-22,-80],[41,-75],[33,-86]],[[1584,1269],[-100,-16],[-143,-58],[-57,25],[-66,35],[-81,-25],[-70,-53],[-82,-6],[-69,-17],[-17,-76],[-82,-15],[-87,-84]],[[730,979],[-84,24],[-161,96],[-76,44],[-66,25],[-309,42],[-9,37],[-12,45],[-9,43],[-4,38],[6,31],[40,-2],[50,-3],[27,3],[10,51],[2,48],[-7,44],[-19,36],[-28,33],[-28,34],[-16,29],[63,44],[26,33],[26,32],[28,31],[30,27],[11,8],[23,17],[35,22],[35,22],[34,24],[31,26],[26,31],[23,35]],[[2731,946],[-80,-45],[-62,-43],[-60,-62],[-68,-82],[-84,14]],[[2377,728],[-23,86],[4,88],[13,88],[-51,75],[-56,16],[-55,6],[-103,42],[-85,33],[-147,10],[-75,14],[-157,29],[-58,54]],[[2377,728],[-152,-59],[-43,-42],[-79,-64],[-46,-99],[-25,-90],[6,-88],[14,-77],[-4,-88],[-23,-79],[-43,-42],[-169,67],[-69,73],[-14,77],[-22,67],[-90,121],[-86,52],[-41,76],[-60,83],[-84,14],[-126,-37],[-63,-14],[-111,12],[-83,14],[-66,35],[-77,53],[-2,62],[12,85],[4,78],[-105,61]]],"objects":{"layer1":{"type":"GeometryCollection","geometries":[{"arcs":[[0,1,2,3]],"type":"Polygon","properties":{"ID_":"IND021021106","NAME1_":"Jaleswar","AreaLevel":4,"AreaGId":0,"Parent_Are":"IND0210211"}},{"arcs":[[-3,4,5,6]],"type":"Polygon","properties":{"ID_":"IND021021104","NAME1_":"Basta","AreaLevel":4,"AreaGId":0,"Parent_Are":"IND0210211"}},{"arcs":[[-1,7,8]],"type":"Polygon","properties":{"ID_":"IND021021105","NAME1_":"Bhograi","AreaLevel":4,"AreaGId":0,"Parent_Are":"IND0210211"}},{"arcs":[[9,-6,10,11,12]],"type":"Polygon","properties":{"ID_":"IND021021102","NAME1_":"Baleshwar","AreaLevel":4,"AreaGId":0,"Parent_Are":"IND0210211"}},{"arcs":[[-2,-9,13,-11,-5]],"type":"Polygon","properties":{"ID_":"IND021021103","NAME1_":"Baliapal","AreaLevel":4,"AreaGId":0,"Parent_Are":"IND0210211"}},{"arcs":[[14,-13,15,16,17,18]],"type":"Polygon","properties":{"ID_":"IND021021110","NAME1_":"Remuna","AreaLevel":4,"AreaGId":0,"Parent_Are":"IND0210211"}},{"arcs":[[-19,19,20]],"type":"Polygon","properties":{"ID_":"IND021021108","NAME1_":"Nilagiri","AreaLevel":4,"AreaGId":0,"Parent_Are":"IND0210211"}},{"arcs":[[-20,-18,21,22,23,24]],"type":"Polygon","properties":{"ID_":"IND021021109","NAME1_":"Oupada","AreaLevel":4,"AreaGId":0,"Parent_Are":"IND0210211"}},{"arcs":[[-22,-17,25,26]],"type":"Polygon","properties":{"ID_":"IND021021101","NAME1_":"Bahanaga","AreaLevel":4,"AreaGId":0,"Parent_Are":"IND0210211"}},{"arcs":[[-24,27,28,29]],"type":"Polygon","properties":{"ID_":"IND021021107","NAME1_":"Khaira","AreaLevel":4,"AreaGId":0,"Parent_Are":"IND0210211"}},{"arcs":[[-23,-27,30,31,-28]],"type":"Polygon","properties":{"ID_":"IND021021112","NAME1_":"Soro","AreaLevel":4,"AreaGId":0,"Parent_Are":"IND0210211"}},{"arcs":[[-29,-32,32]],"type":"Polygon","properties":{"ID_":"IND021021111","NAME1_":"Simulia","AreaLevel":4,"AreaGId":0,"Parent_Are":"IND0210211"}}]}}}