{"type":"Topology","transform":{"scale":[0.0001641732623033993,0.00015096199301638458],"translate":[82.63858,20.728546]},"arcs":[[[6800,5876],[-47,-43],[-169,-133],[-34,-94],[-116,-201],[-76,-45],[-68,-15],[-69,-4],[-86,-47]],[[6135,5294],[-80,16],[-202,68],[-88,-16],[-102,55],[-55,98],[-69,-15],[-116,-102],[-113,-24],[-50,17],[-167,-174],[-121,-38],[-23,-57],[-95,-48],[-84,-57],[-76,-36],[-72,-24]],[[4622,4957],[-153,179],[-66,148],[-30,77],[172,314],[29,212],[117,193],[109,128],[112,74],[164,-162],[107,-61],[99,126],[-116,161],[-214,85],[-76,115],[127,90],[158,85],[94,121],[-30,227],[-9,125],[64,166],[87,86],[183,-122],[37,25],[352,-347],[25,-90],[131,-195],[78,-138],[54,-78],[44,-78],[65,-88],[246,-147],[64,-67],[109,-156],[45,-89]],[[6800,5876],[88,-147],[64,-77],[74,-77],[118,-155],[58,-67],[40,-79],[75,-87],[82,-56],[55,-88],[35,-79],[25,-80],[15,-81],[28,-130],[-7,-51],[-17,-52],[-162,-82],[-14,-93],[74,-86],[44,-69],[23,-49],[25,-90],[36,-90],[13,-60],[-4,-92],[14,-213]],[[7582,3646],[-128,-18],[-64,77],[-67,-34],[-90,14],[-66,-45],[-59,-4],[-55,89],[-70,84],[-95,27]],[[6888,3836],[-84,86],[-88,137],[-25,90],[-64,67],[-83,76],[-16,91],[43,105],[-45,88],[-91,35],[-107,-27]],[[6328,4584],[-4,61],[-20,94],[-20,66],[-15,91],[-25,80],[-35,79],[-44,78],[-26,90],[-4,71]],[[6328,4584],[-54,-95],[-84,-67],[-107,-27],[-173,-72],[-88,-26],[-134,-59],[-80,-138],[-90,5],[-80,25],[-77,-35],[-85,-57],[-35,-73]],[[5241,3965],[-89,-6],[-104,5],[-28,57],[52,95],[-36,89],[-90,13],[-97,47],[-117,20]],[[4732,4285],[101,101],[-53,273],[-59,182],[-99,116]],[[6888,3836],[-91,-118],[-78,-178],[-62,47],[-81,36],[-71,-127],[-69,-15],[-90,-34],[-19,-105]],[[6327,3342],[-46,-54],[-78,-15],[-171,40],[-77,-25],[-58,-14],[-91,25],[-75,97],[-91,34],[-87,-36],[-64,-85],[-96,-73]],[[5393,3236],[-40,44],[-177,151],[-15,81],[77,64],[147,133],[36,54],[-24,79],[-103,55],[-53,68]],[[5393,3236],[-44,-120],[-73,-24]],[[5276,3092],[-61,26],[-66,-45],[-41,-53],[-65,-124],[-65,86],[-53,47],[-57,-25],[-68,-15],[-61,26],[-102,53],[-60,6],[-98,-8],[-51,27],[-63,56],[-96,-37]],[[4269,3112],[-96,-38],[-92,54],[-88,-17],[-98,3],[-61,26],[-69,31],[-138,58]],[[3627,3229],[55,132],[24,178],[-36,146],[109,104],[171,51],[114,60],[-115,176],[-14,146],[46,215],[-24,73],[151,-20],[202,-61],[256,-93],[166,-51]],[[7582,3646],[5,-91],[73,-56],[25,-90],[45,-79],[74,-76],[32,-49],[48,-130],[-24,-93],[-14,-82],[-35,-55],[-33,25],[-41,7],[-31,-4],[-15,-2],[-45,-1],[-47,7],[-35,-15],[-25,-33],[-22,-40],[-12,-26],[-8,-16],[-22,-40],[-20,-41],[-21,-42],[-23,-37],[-29,-25],[-48,7],[-38,-8],[-24,-37],[-19,-44],[-20,-41],[-29,-28],[-46,-12],[-49,6],[-26,24],[-8,42],[-2,50],[-10,45],[-19,41],[-22,41],[-26,37],[-30,30],[-39,18],[-49,2],[-40,-15],[-19,-36],[-11,-49],[-13,-46],[-16,-15],[-11,-11],[-40,-4],[-24,10],[-23,-5],[-47,6],[-44,0],[-43,0],[-44,0],[-43,0],[-44,1],[-26,0],[-17,0],[-44,0],[-43,0],[-44,0],[-15,1]],[[6227,2572],[41,135],[106,200],[73,97],[-66,97],[-13,61],[-6,91],[-35,89]],[[6227,2572],[-28,0],[-44,0],[-44,3],[-46,5],[-41,-5],[-36,-20],[-34,-29],[-32,-32],[-32,-32],[-34,-29],[-38,-15],[-46,8],[-38,-14],[-32,-28],[-30,-32],[-30,-34],[-30,-34],[-32,-31],[-30,-33],[-32,-33],[-32,-31],[-33,-26],[-21,-9],[-16,-8],[-43,-1],[-46,5],[-44,3],[-44,0],[-34,0]],[[5205,2120],[10,62],[-13,50],[86,36],[34,84],[55,74],[90,-24],[81,27],[-9,89],[-44,69],[56,54],[-5,81],[-102,45],[-43,68],[3,102],[-89,4],[-54,68],[15,83]],[[4269,3112],[10,-132],[-21,-123],[20,-141],[129,-152],[-58,-147],[-24,-73],[-2,-101],[52,-47],[88,6],[101,-23],[25,-28]],[[4589,2151],[-28,-23],[-39,-13],[-43,-1],[-45,4],[-45,5],[-45,3],[-47,7],[-40,-6],[-31,-26],[-28,-35],[-24,-40],[-21,-41],[-18,-41],[-15,-45],[-7,-45],[6,-40],[19,-40],[26,-38],[32,-35],[33,-28],[37,-13],[46,5],[45,2],[44,0],[43,0],[44,0],[46,0],[44,-9],[-6,-43],[-5,-45],[-5,-44],[-5,-46],[-4,-44],[-3,-44],[10,-25],[27,-39],[25,-37],[22,-39],[18,-40],[12,-45],[7,-48],[-1,-44],[-20,-21],[-47,0],[-28,-34],[-24,-40],[-26,-39],[-29,-29],[-37,-14],[-43,-2],[-46,5],[-45,6],[-46,3],[-46,6],[-37,-14],[-10,-16],[-16,-23],[-23,-49],[-22,-41],[-28,-17],[-32,9],[-34,24],[-35,31],[-37,35],[-37,32],[-37,24],[-51,-8],[-24,21],[-9,41],[-5,46],[-3,47],[-3,48],[-4,46],[-8,42],[-20,29],[-50,-8],[-45,1],[-46,6],[-44,3],[-40,-9],[-32,-26],[-28,-35],[-27,-39],[-28,-35],[-34,-22],[-46,6],[-44,0],[-33,-26],[-29,-35],[-16,-21]],[[3216,983],[-56,56],[25,52],[58,25],[59,-6],[5,72],[5,61],[36,43],[32,114],[-25,70],[118,-2],[59,5],[69,-5],[60,-6],[69,-5],[24,73],[-36,89],[12,102],[13,92],[36,54],[44,74],[13,92],[67,26],[96,27],[66,46],[14,72],[-24,59],[-3,183],[-76,85],[-88,4],[24,73],[-25,69],[-70,15],[-60,6],[-71,35],[-60,16],[-90,81],[-70,64]],[[3466,2894],[60,9],[47,146],[47,163],[7,17]],[[5205,2120],[-9,0],[-44,0],[-43,0],[-44,1],[-45,5],[-38,-17],[-36,-33],[-36,-38],[-34,-35],[-32,-25],[-28,-8],[-20,23],[-15,48],[-13,54],[-13,47],[-9,55],[-10,50],[-16,27],[-26,-9],[-29,-29],[-33,-39],[-34,-39],[-9,-7]],[[2575,2841],[-28,-94],[-33,-114],[-19,-108],[-34,-51],[-88,-7],[-68,-15],[-85,-47],[-46,-176],[-54,-75],[-75,-46],[-126,-30],[-94,-58],[-52,-105],[-73,-77],[-252,-191],[-82,-87],[-87,-27],[-92,44],[-98,2],[-95,-57],[-53,-86],[-56,-34],[-93,54],[-376,34]],[[416,1490],[-4,32],[-3,44],[-1,44],[-2,45],[-1,44],[-2,44],[-2,45],[-3,44],[-5,44],[-7,44],[-10,43],[-14,42],[-18,40],[-20,39],[-21,39],[-19,41],[-18,40],[-17,40],[-18,41],[-18,40],[-17,41],[-11,25],[-34,45],[-51,67],[-47,61],[-24,32],[26,60],[-41,129],[-14,107],[198,40],[189,38],[144,48],[214,-16],[249,-89],[216,41],[147,-13],[128,-4],[199,-28],[191,32],[159,93],[35,80],[143,-4],[141,-62],[-97,-142],[148,4],[121,-41],[50,-28]],[[2763,2754],[291,-5],[218,78],[112,55],[82,12]],[[3216,983],[-13,-16],[-30,-33],[-34,-23],[-41,-5],[-12,2],[-33,5],[-46,5],[-42,-9],[-40,-20],[-40,-26],[-40,-27],[-39,-27],[-38,-24],[-37,-16],[-35,-7],[-31,19],[-25,45],[-24,50],[-27,35],[-33,2],[-36,-11],[-38,-20],[-39,-25],[-39,-28],[-40,-27],[-41,-23],[-40,-17],[-42,-4],[-45,4],[-44,2],[-42,3],[-15,38],[-11,44],[-1,7]],[[2083,856],[65,147],[44,65],[3,101],[66,36],[57,34],[56,45],[24,73],[23,83],[-9,121],[-14,60],[-14,60],[-25,69],[-34,69],[-62,30],[-29,-17],[-53,-9],[-44,-19],[-35,-38],[-78,-10],[-60,15],[6,52],[36,43],[57,24],[70,-15],[68,16],[66,45],[24,73],[6,51],[57,25],[125,-82],[80,-25],[50,-6],[62,79],[35,56],[50,79],[-1,66],[-18,73],[-18,65],[-1,73],[16,120],[29,171]],[[2575,2841],[158,-86],[30,-1]],[[2083,856],[-9,39],[-14,43],[-13,45],[-14,44],[-20,36],[-37,18],[-45,-12],[-29,-38],[-26,-48],[-24,-43],[-22,-21],[-15,17],[-9,49],[-10,56],[-21,35],[-36,-4],[-56,3],[-45,4],[-40,-11],[-35,-22],[-34,-28],[-33,-30],[-32,-31],[-33,-31],[-33,-29],[-31,-30],[-32,-31],[-32,-30],[-33,-29],[-34,-28],[-34,-28],[-35,-29],[-36,-26],[-36,-24],[-37,-21],[-43,-6],[-50,11],[-41,-1],[-24,-28],[-20,-36],[-17,-41],[-14,-43],[-14,-45],[-14,-45],[-15,-43],[-17,-42],[-21,-39],[-23,-39],[-19,-39],[-9,-43],[5,-51],[6,-48],[-10,-33],[-33,-10],[-47,4],[-50,7],[-46,0],[-48,-6],[-14,7],[-34,-12],[-44,0],[-36,9],[-22,29],[-7,49],[4,52],[16,30],[48,-5],[4,37],[-5,46],[-9,48],[-7,45],[-10,43],[-9,43],[-7,44],[-2,44],[1,45],[2,44],[0,44],[0,45],[0,44],[0,44],[1,45],[1,44],[-1,44],[-3,44],[-6,45],[-5,44],[0,43],[7,44],[10,44],[11,43],[12,42],[15,42],[14,43],[7,43],[-1,43],[-7,45],[-2,12]]],"objects":{"layer1":{"type":"GeometryCollection","geometries":[{"arcs":[[0,1,2]],"type":"Polygon","properties":{"ID_":"IND021010201","NAME1_":"Ambobhona","AreaLevel":4,"AreaGId":0,"Parent_Are":"IND0210102"}},{"arcs":[[-1,3,4,5,6]],"type":"Polygon","properties":{"ID_":"IND021010202","NAME1_":"Attabira","AreaLevel":4,"AreaGId":0,"Parent_Are":"IND0210102"}},{"arcs":[[-2,-7,7,8,9]],"type":"Polygon","properties":{"ID_":"IND021010205","NAME1_":"Bhatli","AreaLevel":4,"AreaGId":0,"Parent_Are":"IND0210102"}},{"arcs":[[-8,-6,10,11,12]],"type":"Polygon","properties":{"ID_":"IND021010204","NAME1_":"Bargarh","AreaLevel":4,"AreaGId":0,"Parent_Are":"IND0210102"}},{"arcs":[[-9,-13,13,14,15,16]],"type":"Polygon",