{"type":"Topology","transform":{"scale":[0.0001326135841627473,0.00010340847457627152],"translate":[83.579536,20.337446]},"arcs":[[[2555,4639],[54,0],[54,0],[54,-1],[68,0],[39,0],[24,0],[30,0],[54,-1],[54,0],[54,0],[54,-1],[54,0],[53,0],[54,-1],[54,0],[54,0],[54,0],[54,-1],[54,0],[37,0],[17,0],[55,-4],[17,-3],[39,-5],[55,-4],[52,5],[47,23],[41,37],[39,46],[38,50],[39,48],[40,43],[42,44],[41,44],[42,42],[44,37],[45,31],[50,14],[57,-9],[56,-8],[48,18],[43,38],[39,48],[39,50],[41,44],[44,30],[50,14],[53,3],[55,-4],[56,-7],[55,-6],[54,-1],[54,0],[54,0],[70,-1],[56,4],[57,8],[55,4],[51,-8],[43,-27],[34,-50],[30,-60],[30,-58],[38,-41],[54,3],[57,6],[43,-32],[39,-44],[37,-50],[33,-54],[29,-55],[21,-59],[14,-63],[11,-64],[12,-64],[9,-65],[9,-64],[15,-64],[16,-38],[-3,-69]],[[5963,4287],[-249,-20],[-110,7],[-152,-131],[-98,8],[-96,-37],[-74,-214],[-54,-138],[-5,-134],[43,-130],[155,-152],[68,-128],[-31,-107],[-54,-123],[6,-118],[194,-194]],[[5506,2676],[-12,-238],[-17,-135],[-43,-122],[-162,-176],[-81,-81],[-71,-49],[-60,-20],[-98,8],[-214,117],[-218,-46],[-166,-87],[-108,-38],[-114,66],[-124,35],[-168,-57],[-191,-74],[-108,-53],[-95,-1]],[[3456,1725],[-135,192],[-7,133],[-67,114],[-62,10],[-85,-6],[-43,115],[43,108],[117,98],[39,196],[41,137],[-112,51],[7,89],[95,52],[110,-7],[71,50],[-6,119],[-17,88],[-7,133],[17,135],[-56,129],[-60,219],[-69,143],[-83,-51],[-41,-151],[-70,-50],[-52,55],[-16,73],[-7,134],[-90,67],[-63,10],[-68,76],[-34,86],[-8,120],[-68,54],[-67,65],[-48,128]],[[3456,1725],[-213,52],[-100,37],[-176,91],[-124,35],[-188,-133],[-83,-66],[-83,-36],[-97,-22],[-109,-8],[-113,-62],[-102,-43],[-78,-140],[-54,-138],[-5,-134],[-27,-180],[98,-231],[-42,-137],[-171,-221],[-82,-65],[-223,42],[-396,89],[-106,-67],[-90,-91],[-26,18],[-50,30],[-52,27],[-52,28],[-86,17],[2,21],[22,67],[27,66],[9,47],[-17,58],[-36,40],[-45,35],[-50,33],[-52,33],[-50,35],[-45,38],[-42,39],[-42,41],[-41,42],[-41,43],[-40,44],[-44,44],[-48,44],[-45,46],[-33,47],[-15,49],[14,50],[34,53],[43,54],[38,54],[15,35],[11,25],[23,66],[26,59],[35,39],[47,13],[53,-1],[57,-9],[58,-10],[56,-3],[51,11],[48,25],[47,32],[44,39],[43,42],[41,45],[40,45],[40,45],[41,45],[41,47],[40,47],[38,49],[35,50],[31,52],[25,53],[20,56],[7,59],[-6,64],[-12,67],[-15,67],[-12,67],[-5,65],[8,62],[17,58],[23,57],[28,56],[30,56],[31,55],[30,56],[28,56],[25,58],[22,58],[20,61],[18,61],[15,62],[14,62],[14,63],[6,34],[6,29],[12,63],[13,63],[13,62],[13,64],[11,66],[14,63],[26,54],[35,48],[40,46],[44,43],[46,37],[47,30],[49,19],[52,4],[56,-7],[56,-9],[55,-4],[52,7],[50,21],[48,28],[47,33],[47,34],[47,35],[47,33],[48,28],[51,17],[54,-2],[55,-7]],[[5963,4287],[-2,-66],[16,-47],[44,-25],[32,-55],[31,-58],[33,-51],[39,-36],[51,-9],[57,8],[56,5],[54,0],[54,-1],[54,0],[53,0],[54,-1],[54,0],[57,6],[58,8],[49,-10],[33,-41],[22,-62],[19,-67],[25,-56],[54,0],[21,-59],[12,-73],[18,-64],[35,-33],[48,-9],[53,2],[58,9],[58,9],[57,4],[53,-7],[48,-22],[44,-35],[42,-43],[39,-48],[38,-50],[37,-48],[30,-56],[28,-59],[29,-54],[36,-41],[58,8],[49,-8],[25,-57],[17,-71],[21,-63],[37,-33],[48,-12],[52,-3],[56,4],[58,7],[57,6],[55,2],[55,4],[56,7],[56,4],[52,-5],[48,-18],[44,-36],[40,-46],[38,-50],[40,-46],[43,-36],[53,-7],[59,13],[46,-16],[30,-50],[24,-63],[24,-63],[32,-45],[104,5],[2,-7],[6,-68],[7,-67],[7,-76],[-36,1],[-26,-49],[-16,-67],[-17,-67],[-26,-49],[-54,0],[-57,8],[-57,9],[-50,-12],[-40,-39],[-37,-50],[-35,-54],[-38,-48],[-42,-33],[-56,1],[-59,13],[-47,-12],[-31,-45],[-24,-60],[-20,-66],[-20,-62],[-17,-61],[-15,-63],[-14,-62],[-16,-63],[-18,-63],[-16,-63],[-7,-61],[52,4],[7,-64],[2,-71],[-5,-65],[-31,-28],[-62,9],[-53,1],[-54,0],[-54,0],[-54,0],[-54,1],[-54,0],[-54,0],[-54,2],[-56,7],[-56,7],[-54,2],[-52,-8],[-46,-23],[-40,-42],[-38,-52],[-37,-53],[-40,-43],[-46,-23],[-57,0],[-60,11],[-58,9],[-48,-4],[-22,-22],[-23,-72],[-3,-74],[-5,-70],[-2,-67],[-1,-67],[-9,-62],[-27,-53],[-40,-50],[-46,-46],[-42,-43],[32,226],[10,269],[-68,128],[-125,50],[-56,130],[18,120],[7,105],[-20,132],[-55,115],[-102,96],[-113,51],[-45,160],[-40,128],[-84,130],[-8,148],[29,136],[-7,133],[-17,88],[-29,87],[-132,183],[-212,88],[-100,37],[-87,23],[-166,-87]]],"objects":{"layer1":{"type":"GeometryCollection","geometries":[{"arcs":[[0,1,2,3]],"type":"Polygon","properties":{"ID_":"IND021032101","NAME1_":"Boudh","AreaLevel":4,"AreaGId":0,"Parent_Are":"IND0210321"}},{"arcs":[[-4,4]],"type":"Polygon","properties":{"ID_":"IND021032103","NAME1_":"Kantamal","AreaLevel":4,"AreaGId":0,"Parent_Are":"IND0210321"}},{"arcs":[[-2,5]],"type":"Polygon","properties":{"ID_":"IND021032102","NAME1_":"Harvanga","AreaLevel":4,"AreaGId":0,"Parent_Are":"IND0210321"}}]}}}