{"type":"Topology","transform":{"scale":[0.0001528268001704314,0.00013384301643192437],"translate":[86.258438,20.7574]},"arcs":[[[1413,2799],[-93,-41],[-72,-50],[-47,-95],[-15,-105],[-54,-153],[65,-30],[85,-5],[100,-74],[-58,-96],[-101,-87],[16,-91],[187,-102]],[[1426,1870],[-92,-64],[26,-78],[60,-111],[-26,-105],[-53,8],[-77,41]],[[1264,1561],[-179,148],[-171,35],[-57,65],[-105,79],[-90,-12],[-138,2],[-33,-3],[0,27],[-32,28],[-32,37],[-40,27],[-57,-18],[-16,18],[-48,93]],[[266,2087],[18,20],[30,46],[19,51],[1,47],[-17,41],[-25,39],[-30,39],[-33,37],[-34,38],[-35,38],[-32,39],[-29,40],[-23,43],[-17,45],[-13,47],[-10,49],[-7,51],[-5,50],[-5,51],[-6,50],[-8,55],[-5,58],[6,45],[27,22],[44,2],[53,-6],[52,-7],[47,0],[47,0],[50,-7],[48,-3],[38,19],[35,34],[32,42],[23,46],[11,47],[-1,50],[-8,53],[-3,10],[358,-49],[76,-29],[88,-52],[188,-114],[97,-28],[121,-72],[-5,-92],[-14,-100],[3,-73]],[[4265,1460],[-33,-44],[-83,-29],[-92,-52],[-46,-118],[-94,-29],[-49,112],[-88,51],[-96,5],[-154,93],[-62,-16],[-82,-62],[-67,-120],[-174,-103],[-85,5]],[[3060,1153],[-32,26],[-23,5]],[[3005,1184],[27,82],[16,82],[36,106],[-47,88],[-156,127],[-81,98],[-6,115]],[[2794,1882],[-38,101]],[[2756,1983],[50,49],[26,93],[5,104],[-17,91],[-6,103],[29,106],[53,117],[91,75],[50,50],[177,69],[96,-17],[79,98],[70,73],[71,51],[93,52],[101,-36],[2,-3],[5,-57],[-12,-80],[-15,-46],[-51,-30],[59,-53],[14,-34],[43,-107],[45,-190],[207,-538],[28,-38],[44,-60],[172,-365]],[[1413,2799],[88,-63],[77,-41],[96,-16],[129,-14],[73,16],[146,44],[96,-16],[70,-99],[48,-88],[99,-63],[104,-142],[26,-79],[16,-90],[79,-87],[196,-78]],[[2794,1882],[-107,4],[-74,7],[-88,40],[-85,5],[-103,-53],[-82,-199],[-30,-221],[-223,-4]],[[2002,1461],[-97,17],[-86,28],[-83,-40],[-83,-17],[-88,40],[15,104],[48,95],[-92,109],[-110,73]],[[1264,1561],[28,-113],[-36,-84],[-43,-186],[37,-100],[61,-134],[8,-174]],[[1319,770],[-8,-5],[-40,-26],[-41,-20],[-43,-14],[-45,-5],[-47,1],[-48,4],[-48,5],[-9,0],[-38,2],[-47,0],[-47,0],[-47,1],[-46,0],[-47,0],[-23,-1],[-25,-1],[-51,-5],[-51,-6],[-48,-1],[-42,6],[-34,19],[-17,41],[-8,55],[-9,56],[-13,49],[-12,52],[-12,53],[-12,52],[-13,50],[-18,44],[-21,38],[-30,26],[-48,2],[-57,-11],[-52,-9],[-35,10],[-9,37],[10,54],[13,58],[3,21],[4,31],[7,52],[9,53],[9,54],[9,54],[9,53],[6,51],[5,50],[1,46],[-3,42],[-9,36],[-35,9],[-56,-12],[-50,-4],[41,26],[42,24],[42,24],[42,25],[39,26],[36,30],[14,15]],[[3005,1184],[-96,5],[-255,17],[-85,-5],[-135,-55],[-183,-127],[-90,85],[-58,88],[-27,102],[-74,167]],[[3060,1153],[-31,-185],[-27,-94],[-36,-94],[-36,-118],[32,-181],[27,-90],[-43,-217]],[[2946,174],[-12,0],[-43,9],[-37,20],[-29,40],[-25,49],[-26,45],[-34,27],[-46,3],[-50,-9],[-49,-3],[-41,16],[-37,28],[-22,21],[-13,12],[-34,38],[-32,39],[-30,38],[-28,40],[-26,42],[-25,42],[-27,41],[-26,45],[-26,46],[-28,41],[-34,29],[-41,14],[-44,6],[-47,0],[-49,-4],[-49,-5],[-48,-4],[-48,-1],[-46,0],[-47,1],[-47,0],[-47,0],[-46,0],[-47,1],[-47,0],[-46,0],[-78,-57],[-39,-30],[-31,-24]],[[4265,1460],[85,-182],[42,-207],[22,-36],[139,-227],[81,-84],[23,-39],[37,-343],[0,-84],[-30,-71],[1,-3],[-60,-9],[-40,16],[-30,39],[-29,44],[-29,42],[-34,31],[-41,17],[-47,8],[-50,1],[-49,-6],[-45,-13],[-40,-20],[-38,-29],[-36,-33],[-35,-37],[-33,-37],[-30,-38],[-26,-46],[-23,-46],[-27,-39],[-35,-24],[-21,-2],[-23,-3],[-49,5],[-50,7],[-47,1],[-47,0],[-48,-2],[-49,-6],[-50,-5],[-46,1],[-43,9],[-34,25],[-26,43],[-22,49],[-26,44],[-35,23],[-50,-5],[-48,-3],[-48,-3],[-49,-5],[-49,-4],[-48,-2],[-34,2]]],"objects":{"layer1":{"type":"GeometryCollection","geometries":[{"arcs":[[0,1,2,3]],"type":"Polygon","properties":{"ID_":"IND021021204","NAME1_":"Bonth","AreaLevel":4,"AreaGId":0,"Parent_Are":"IND0210212"}},{"arcs":[[4,5,6,7,8]],"type":"Polygon","properties":{"ID_":"IND021021201","NAME1_":"Basudevpur","AreaLevel":4,"AreaGId":0,"Parent_Are":"IND0210212"}},{"arcs":[[9,-8,10,11,-1]],"type":"Polygon","properties":{"ID_":"IND021021202","NAME1_":"Bhadrak","AreaLevel":4,"AreaGId":0,"Parent_Are":"IND0210212"}},{"arcs":[[-3,12,13]],"type":"Polygon","properties":{"ID_":"IND021021203","NAME1_":"Bhandaripokhri","AreaLevel":4,"AreaGId":0,"Parent_Are":"IND0210212"}},{"arcs":[[-11,-7,14]],"type":"Polygon","properties":{"ID_":"IND021021207","NAME1_":"Tihidi","AreaLevel":4,"AreaGId":0,"Parent_Are":"IND0210212"}},{"arcs":[[-2,-12,-15,-6,15,16,-13]],"type":"Polygon","properties":{"ID_":"IND021021206","NAME1_":"Dhamnagar","AreaLevel":4,"AreaGId":0,"Parent_Are":"IND0210212"}},{"arcs":[[-5,17,-16]],"type":"Polygon","properties":{"ID_":"IND021021205","NAME1_":"Chandbali","AreaLevel":4,"AreaGId":0,"Parent_Are":"IND0210212"}}]}}}