{"type":"Topology","transform":{"scale":[0.00013769422329198345,0.00011182148337595928],"translate":[84.842956,20.025672]},"arcs":[[[7378,5593],[43,-29],[48,-10],[53,3],[54,7],[54,10],[29,31],[19,55],[19,56],[19,56],[19,56],[13,37],[414,-210],[109,-60],[89,-118],[100,-102],[97,-48],[60,-17],[123,-94],[62,-64],[78,-132]],[[8880,5020],[-92,-240],[-29,-126],[69,-187],[-16,-125],[-57,-32],[-93,-34],[-16,-125],[-81,-98],[-71,-133],[-103,-48],[-93,-34],[-57,-32],[-17,-125],[7,-123],[-30,-85]],[[8201,3473],[-154,17],[-97,47],[-66,133],[-88,90],[-105,-21],[-95,20],[-94,-7],[-89,-89],[-5,-124],[55,-147],[19,-122],[30,-122],[35,-57]],[[7547,3091],[-25,-34],[-23,-70],[-8,-70],[12,-51],[31,-46],[39,-45],[39,-46],[29,-51],[25,-62],[19,-64],[5,-53],[-25,-24],[-59,7],[-42,4],[-16,2],[-52,0],[-52,0],[-52,0],[-53,-3],[-55,-7],[-53,-3],[-49,9],[-43,27],[-42,39],[-37,48],[-31,51],[-20,52],[-1,57],[14,61],[19,60],[27,36],[12,57],[9,60],[10,60],[10,59],[11,58],[10,59],[11,59],[16,64],[15,62],[4,53],[-32,20],[-62,-9],[-51,0],[-52,0],[-52,0],[-52,1],[-57,6],[-18,-7],[-20,1],[1,-71],[9,-71],[-4,-55],[-37,-26],[-62,-5],[-55,15],[-22,44],[-119,20]],[[6491,3369],[149,111],[6,4],[77,102],[65,101],[41,99],[29,126],[64,114],[116,36],[132,-45],[106,-6],[103,62],[65,101],[65,130],[109,116],[51,141],[-18,123],[-29,94],[-40,79],[-125,129],[-41,107],[-17,95],[-21,405]],[[6491,3369],[-70,33],[-54,18],[-39,18],[-44,24],[-44,18],[-45,17],[-165,222],[-212,49],[-99,75],[-93,-7]],[[5626,3836],[-122,74],[-74,57],[-56,57],[-75,93],[-47,115],[-59,121]],[[5193,4353],[16,3],[38,35],[36,52],[38,54],[40,43],[45,22],[51,2],[54,-7],[53,-6],[52,0],[52,0],[56,-7],[53,-2],[29,39],[16,60],[15,63],[23,51],[48,6],[56,-8],[49,9],[43,32],[42,35],[42,37],[40,38],[40,39],[22,23],[16,17],[39,42],[36,43],[34,46],[29,49],[17,58],[9,66],[13,58],[31,31],[54,-6],[59,-11],[43,19],[29,45],[10,26],[13,30],[24,58],[30,50],[33,49],[34,50],[37,44],[41,34],[45,20],[51,12],[53,7],[55,0],[54,-5],[52,-12],[47,-18],[47,-52],[29,-29],[35,-50],[37,-44]],[[10590,3908],[-104,-22],[-109,47],[-156,44],[-125,-78],[-104,-35],[-76,105],[-175,179]],[[9741,4148],[-77,118],[-88,90],[-88,-102],[-218,108],[64,128],[-7,109],[-182,111],[-65,105],[-89,117]],[[8991,4932],[129,10],[100,103],[57,45],[91,48],[94,30],[190,156],[92,48],[55,59],[95,-7],[112,-102],[52,-93],[110,-74],[94,-213],[83,-8],[102,76],[86,-76],[97,-48],[111,-88],[61,-37],[-74,-156],[-116,-242],[-17,-111],[47,-217],[-52,-127]],[[3602,4188],[-222,-419],[-43,-71],[-141,-217],[-45,-129],[-12,-122],[-3,-104]],[[3136,3126],[-33,0],[-52,1],[-52,0],[-52,0],[-51,1],[-52,0],[-52,0],[-52,0],[-53,-3],[-32,-4],[-23,-3],[-53,-3],[-48,11],[-41,30],[-35,46],[-33,52],[-35,48],[-40,33],[-47,14],[-51,1],[-55,-6],[-54,-6],[-52,-1],[-52,0],[-32,-2],[-21,-2],[-55,-7],[-21,-3],[-20,17],[-88,71],[-6,5],[-13,60],[-34,46],[-41,37],[-43,31],[-45,29],[-47,27],[-47,27],[-47,26],[-47,26],[-46,28],[-46,28],[-47,28],[-46,27],[-46,28],[-46,29],[-44,31],[-42,34],[-37,43],[-32,51],[-31,51],[-35,43],[-41,26],[-49,7],[-54,-4],[-55,-7],[-53,-3],[-52,-3],[-54,-5],[-52,-4],[-52,1],[-50,9],[-47,20],[-46,26],[-44,32],[-44,35],[-43,35],[-44,33],[-45,30],[-53,-1],[-19,50],[-14,59],[-20,79],[38,59],[38,40],[39,41],[38,40],[39,39],[39,41],[38,43],[39,42],[40,38],[42,32],[46,23],[55,10],[55,-5],[47,-19],[37,-37],[33,-50],[32,-52],[34,-46],[41,-28],[54,5],[53,4],[52,-1],[52,0],[52,0],[52,-1],[52,0],[51,0],[52,0],[52,-1],[52,0],[56,-9],[50,3],[38,33],[33,47],[30,53],[31,50],[38,32],[56,-8],[51,1],[12,52],[1,64],[2,64],[29,29],[54,-3],[52,0],[52,0],[52,0],[52,-1],[53,4],[53,6],[53,3],[50,-6],[21,-9],[25,2],[47,-42],[44,-35],[42,-39],[38,-43],[33,-45],[20,-51],[5,-61],[4,-63],[16,-57],[18,-60],[18,-61],[18,-56],[22,-64],[24,-55],[28,-47],[32,-38],[38,-24],[47,-11],[52,0],[55,7],[57,9],[57,8],[53,2],[52,3],[53,5],[53,2],[51,-4],[49,-15],[48,-21],[47,-25],[46,-27],[47,-30],[46,-28],[47,-27],[7,-4]],[[8880,5020],[111,-88]],[[9741,4148],[-17,-111],[-149,-79],[40,-94],[131,-18],[15,-67],[-28,-126],[-71,9],[-108,33],[-5,-110],[-41,-113],[-91,-62]],[[9417,3410],[-72,23],[-109,47],[-106,6],[-75,77],[-74,63],[-91,-62],[-82,-6],[-17,-111],[-40,-126],[-91,-62],[-166,16],[-182,96],[-111,102]],[[5626,3836],[-33,-263],[5,-96],[-28,-126],[-65,-101],[-64,-128],[-76,-116],[-93,-20],[-92,-34],[-93,-21],[-81,-33],[-202,-166]],[[4804,2732],[-66,314],[-27,205],[-83,272],[-166,170],[-28,102],[-88,182],[36,169]],[[4382,4146],[53,-19],[55,-1],[51,12],[44,26],[38,37],[36,45],[35,48],[35,47],[35,48],[33,58],[33,55],[28,32],[8,8],[38,12],[42,-17],[44,-37],[45,-45],[46,-47],[44,-38],[44,-21],[24,4]],[[3602,4188],[40,-20],[49,-20],[50,-8],[52,3],[53,5],[53,0],[57,-9],[56,-5],[44,12],[10,22],[13,28],[8,77],[10,64],[27,15],[36,-20],[40,-38],[43,-46],[46,-47],[46,-39],[45,-16],[2,0]],[[4804,2732],[-141,-10],[-106,6],[-163,-39],[-162,-53],[-174,-41],[-91,-61],[-221,-232]],[[3746,2302],[-26,0],[-56,-3],[-61,-7],[-14,30],[14,54],[25,61],[28,59],[27,51],[30,49],[31,48],[31,48],[30,50],[34,50],[31,51],[21,52],[1,22],[2,33],[-13,61],[-25,59],[-29,49],[-45,12],[-56,-8],[-52,0],[-52,1],[-52,0],[-52,0],[-52,1],[-52,0],[-51,0],[-52,0],[-52,1],[-52,0],[-52,0],[-19,0]],[[10590,3908],[9,-151],[4,-82],[18,-109],[6,-109],[19,-122],[-29,-113],[-19,-121],[-101,-272],[-102,-76],[-106,6],[-96,34],[-97,48],[-106,6]],[[9990,2847],[-115,157],[-77,118],[-88,13],[-79,16],[-111,102],[-98,75],[-5,82]],[[6491,3369],[-33,-41],[-43,-23],[-54,5],[-55,6],[-58,10],[-29,-33],[-11,-56],[-6,-64],[-9,-62],[-14,-58],[-15,-57],[-16,-57],[-15,-58],[-13,-61],[-13,-59],[-19,-53],[-32,-6],[-14,-3],[-52,2],[-52,0],[-52,0],[-55,4],[-49,-3],[-7,-52],[4,-64],[3,-64],[-22,-37],[-13,-58],[-11,-61],[-7,-59],[-51,-15],[-54,0],[-54,0],[-53,-2],[-55,-6],[-55,-6],[-5,0],[-49,-3],[-49,5],[-44,16],[-32,42],[-21,62],[-21,62],[-32,41],[-46,11],[-55,-5],[-56,-8],[-53,3],[-48,7]],[[4896,2511],[-13,62],[-119,32],[40,127]],[[9990,2847],[-104,-49],[-100,-89],[-107,6],[-95,20],[-105,-21],[-92,-34],[-122,73],[-101,117],[-198,178],[-183,124],[-65,-115],[49,-244]],[[8767,2813],[-102,-62],[-127,-81]],[[8538,2670],[-67,-43],[-93,-1],[-93,-40],[-94,-7],[-93,-20],[-175,-26]],[[7923,2533],[24,35],[29,56],[14,55],[-6,54],[-23,57],[-33,54],[-36,45],[-45,13],[-57,-10],[-44,30],[-43,47],[-42,52],[-39,46],[-37,30],[-32,3],[-6,-9]],[[8767,2813],[53,-106],[118,-431],[42,-120],[77,-118],[64,-78],[119,-115]],[[9240,1845],[-104,-159],[-29,-112],[-51,-141],[-29,-112],[-106,-228],[-115,-36],[-62,-66]],[[8744,991],[0,8],[-16,89],[-5,66],[2,61],[19,42],[-52,-22],[-56,10],[-39,31],[-31,47],[-28,55],[-25,56],[-19,43],[-5,11],[-17,56],[-17,57],[-20,55],[-27,51],[-29,50],[-31,48],[-31,48]],[[8317,1853],[14,105],[55,102],[55,136],[28,68],[28,136],[41,270]],[[4896,2511],[-7,1],[-51,-2],[-41,-27],[-35,-46],[-31,-53],[-33,-50],[-38,-36],[-49,-7],[-58,14],[-53,3],[-40,-29],[-35,-45],[-35,-53],[-32,-57],[-32,-58],[-31,-55],[-31,-50],[-13,-17],[-18,-23],[-31,-27],[-8,-1],[-25,-1],[-34,42],[-24,47],[-8,18],[-25,69],[-10,59],[13,69],[15,65],[-10,42],[-39,13],[-54,-2],[-60,-8],[-57,-5],[-52,0],[-52,1],[-26,0]],[[8317,1853],[-29,51],[-27,55],[-28,53],[-31,45],[-41,24],[-57,-11],[-49,8],[-35,40],[-31,51],[-29,52],[-32,48],[-49,7],[-36,38],[-32,59],[-25,59],[-10,49],[33,8],[65,-8],[38,36],[11,16]],[[9240,1845],[80,-77],[195,-123],[185,-152],[53,-106],[-5,-124],[118,-225],[42,-121],[3,-498],[89,-203],[-52,1],[-52,0],[-53,3],[-28,4],[-26,3],[-54,5],[-22,-2],[-28,-2],[-45,-20],[-38,-37],[-35,-48],[-23,-34],[-1,-25],[-46,-34],[-46,-29],[-60,-1],[-29,34],[-5,57],[0,66],[-4,63],[-8,64],[-9,66],[-18,55],[-33,29],[-48,8],[-55,-5],[-57,-8],[-54,-3],[-52,1],[-57,-3],[-10,30],[9,22],[13,32],[24,58],[17,58],[5,61],[-3,63],[-9,60],[-24,36],[-59,-8],[-58,-8],[-53,-3],[-37,24],[-22,49],[-12,64],[1,29]]],"objects":{"layer1":{"type":"GeometryCollection","geometries":[{"arcs":[[0,1,2,3,4]],"type":"Polygon","properties":{"ID_":"IND021021313","NAME1_":"Tangi Chaudwar","AreaLevel":4,"AreaGId":0,"Parent_Are":"IND0210213"}},{"arcs":[[-5,5,6,7]],"type":"Polygon",