{"type":"Topology","transform":{"scale":[0.00012715926119533186,0.00011987154907975481],"translate":[84.475967,21.131904]},"arcs":[[[2519,4055],[361,-152],[171,-79],[234,-62],[150,35],[162,62],[117,-32],[93,-58],[45,-100],[18,-88],[20,-307],[-18,-116],[-69,-120],[-76,-17],[-171,-114],[-55,-131],[-108,-110],[-18,-116],[-7,-90]],[[3368,2460],[-79,-146],[-90,-198],[-73,-43],[-75,-30],[-115,5],[-158,80],[-224,102],[-86,-44],[39,-203],[7,-115],[32,-100],[37,-178],[64,-201],[31,-88],[20,-114],[-53,-170],[-69,-107],[-98,-70],[-86,-44],[-115,-7]],[[2277,789],[-34,139],[-58,112],[-209,77],[-127,184],[-58,112],[-118,56],[-113,-32],[-97,-83],[-113,-212],[-47,-68],[-204,-205],[-110,-71],[-118,57],[-84,110],[-22,153],[-32,100],[-20,102],[-95,289],[-58,111],[-95,97],[-160,105],[-118,44],[-187,-63],[17,129],[62,222],[13,206],[-33,113],[56,116],[108,100],[38,207],[6,103],[-17,63],[-7,115],[19,104],[21,65],[122,85],[113,33],[99,44],[59,81],[-122,108],[-341,145],[-80,46],[-31,101],[-32,100],[84,70],[116,6],[100,7],[102,7],[98,57],[109,96],[112,33],[116,-18],[205,-13],[89,5],[98,58],[19,104],[-45,112],[-58,99],[-13,398],[59,6],[55,-1],[50,-14],[41,-31],[37,-44],[32,-50],[31,-50],[29,-48],[25,-49],[23,-51],[24,-51],[25,-57],[26,-66],[25,-55],[24,-23],[19,27],[17,64],[21,67],[33,41],[36,6],[25,4],[41,-11],[16,-4],[34,-37],[27,-50],[22,-56],[18,-55],[16,-54],[13,-56],[11,-56],[12,-56],[11,-55],[14,-53],[17,-50],[56,0],[19,-50],[9,-62],[14,-56],[32,-33],[53,-4],[62,8],[60,2],[67,-10],[36,18]],[[2519,4055],[-1,50],[-13,60],[-8,61],[5,58],[10,62],[18,55],[33,34],[48,10],[58,-3],[62,-8],[59,-4],[57,-1],[56,0],[56,0],[56,0],[56,-1],[56,0],[57,0],[56,0],[56,-1],[60,-5],[63,-8],[45,14],[17,55],[3,74],[8,54],[27,0],[39,-39],[45,-57],[44,-55],[37,-32],[24,12],[8,58],[5,72],[20,53],[54,-13],[15,-54],[11,-60],[16,-54],[35,-27],[62,7],[59,2],[59,7],[60,6],[52,-8],[39,-30],[29,-48],[25,-55],[26,-52],[29,-33],[0,-55],[-3,-57],[0,-57],[-1,-61],[-2,-64],[10,-52],[31,-27],[52,-5],[63,7],[62,7],[57,0],[56,0],[56,0],[57,-1],[56,0],[56,0],[56,0],[56,-1],[56,0],[57,0],[56,0],[56,-1],[16,0],[40,1],[59,4],[58,6],[58,2],[53,-7],[49,-20],[47,-32],[44,-39],[38,-46],[29,-48],[19,-51],[14,-55],[9,-58],[5,-60],[2,-58],[-1,-56],[-3,-51],[-43,-8],[-53,-16],[-37,-39],[-35,-45],[-34,-47],[-33,-46],[-32,-47],[-31,-49],[-30,-50],[-30,-51],[-30,-48],[-32,-46],[-34,-42],[-38,-36],[-43,-25],[-54,-4],[-60,8],[-61,9],[-57,3],[-60,6],[-60,7],[-57,3],[-53,-6],[-45,-20],[-31,-45],[-24,-57],[-25,-54],[-38,-32],[-59,6],[-57,2],[-56,0],[-57,0],[-56,1],[-56,0],[-60,6],[-61,6],[-45,-15],[-29,-43],[-21,-57],[-16,-58],[15,-32],[44,-35],[46,-36],[45,-36]],[[4152,2208],[-150,-80],[-110,-71],[-94,107],[-87,125],[-160,105],[-129,18],[-54,48]],[[4152,2208],[40,-39],[32,-43],[17,-50],[3,-57],[-1,-59],[2,-56],[1,-58],[0,-56],[-8,-51],[4,-31],[29,-48],[30,-48],[30,-50],[30,-51],[33,-55],[27,-52],[13,-43],[-19,-3],[-20,-7],[-68,7],[-56,0],[-56,1],[-57,0],[-56,0],[-56,0],[-56,1],[-56,0],[-59,5],[-59,7],[-55,-3],[-45,-24],[-41,-37],[-36,-46],[-32,-50],[-26,-49],[-20,-53],[-12,-56],[-4,-56],[4,-55],[11,-56],[19,-54],[25,-49],[35,-44],[43,-39],[43,-40],[36,-41],[22,-48],[3,-54],[-6,-59],[-6,-57],[-3,-57],[-5,-56],[-7,-55],[-24,-40],[-14,18],[-22,46],[-16,59],[-20,54],[-31,38],[-62,15],[-65,-6],[-25,-30],[6,-50],[19,-62],[17,-60],[17,-59],[20,-63],[8,-52],[-20,-32],[-57,-10],[-67,8],[-50,24],[-35,43],[-30,54],[-32,50],[-40,34],[-49,14],[-55,2],[-59,-4],[-59,-6],[-58,-4],[-56,0],[-57,1],[-56,0],[-56,0],[-56,0],[-59,2],[-66,7],[-7,-33],[25,-55],[30,-58],[18,-50],[-44,-8],[-62,4],[-57,1],[-56,0],[-56,0],[-59,-5],[-43,30],[-39,42],[-37,44],[-39,43],[-34,28],[-67,181],[-20,114],[18,116],[68,120],[112,46],[76,4]]],"objects":{"layer1":{"type":"GeometryCollection","geometries":[{"arcs":[[0,1,2]],"type":"Polygon","properties":{"ID_":"IND021010402","NAME1_":"Riamal","AreaLevel":4,"AreaGId":0,"Parent_Are":"IND0210104"}},{"arcs":[[3,4,-1]],"type":"Polygon","properties":{"ID_":"IND021010403","NAME1_":"Teleibani","AreaLevel":4,"AreaGId":0,"Parent_Are":"IND0210104"}},{"arcs":[[-5,5,-2]],"type":"Polygon","properties":{"ID_":"IND021010401","NAME1_":"Barakot","AreaLevel":4,"AreaGId":0,"Parent_Are":"IND0210104"}}]}}}