{"type":"Topology","transform":{"scale":[0.0001512690763052196,0.00012448430735930745],"translate":[85.152923,20.487051]},"arcs":[[[4246,3765],[-242,-218],[-14,-125]],[[3990,3422],[-97,5],[-119,29],[-98,18],[-87,30],[-96,-6],[-168,-62],[-99,42],[-43,50],[-88,-10],[-95,-31],[-94,-44],[-101,92],[-98,17],[-158,-36],[-97,-7]],[[2452,3509],[28,89],[25,113],[-228,57],[-28,122],[-64,-17],[-185,-137],[-84,-30],[-76,-19],[-103,154],[-87,18],[-107,5],[-48,95],[15,112],[-70,107],[-99,30],[-182,11],[-86,6],[-163,38],[-76,19],[-103,104],[-46,58]],[[685,4444],[79,130],[28,63],[12,174],[-28,109],[-4,74],[93,68],[95,19],[92,81],[51,53],[84,31],[96,-6],[159,36],[64,5],[85,18],[289,-30],[20,-20],[34,-37],[29,-42],[26,-49],[23,-55],[22,-57],[22,-56],[22,-51],[24,-43],[26,-32],[29,-17],[36,6],[40,25],[42,39],[41,45],[39,45],[33,41],[30,46],[28,51],[27,54],[26,53],[26,50],[26,43],[26,34],[27,22],[27,-12],[27,-49],[28,-61],[33,-51],[39,-24],[50,-10],[52,0],[47,11],[36,24],[24,47],[20,56],[23,49],[34,25],[48,-4],[51,-9],[45,13],[42,30],[40,36],[40,39],[40,34],[39,25],[39,11],[40,-7],[40,-23],[40,-34],[39,-40],[37,-42],[34,-40],[29,-41],[24,-47],[21,-49],[23,-47],[-60,14],[-45,-6],[-41,-16],[-41,-28],[-37,-38],[-34,-43],[-26,-46],[-16,-46],[-1,-55],[10,-56],[15,-53],[22,-46],[27,-44],[30,-43],[30,-43],[30,-42],[34,-40],[32,-40],[26,-44],[18,-48],[12,-51],[10,-52],[7,-54],[7,-54],[6,-54],[9,-53],[9,-54],[8,-59],[12,-56],[21,-40],[37,-15],[50,3],[60,20],[41,-10],[51,6],[51,6],[47,0],[39,-14],[24,-38],[12,-56],[5,-21]],[[2452,3509],[-91,-80],[-75,-203],[-48,-102],[49,-108],[146,-113],[6,-110],[-59,-91],[28,-109],[38,-109],[-15,-112],[-11,-198],[-35,-126],[-82,-80]],[[2303,1968],[-86,19],[-88,30],[-176,86],[-89,56],[-88,43],[-132,52],[-175,62],[-99,42],[-88,55]],[[1282,2413],[-126,140],[-129,188],[-59,107],[-91,92],[-158,-61],[-73,156],[26,112],[97,193],[-51,142],[25,127],[68,116],[-38,109],[-35,59],[-46,46],[-187,85],[-90,68],[-59,107],[-28,109],[92,80],[84,43],[96,7],[85,6]],[[4246,3765],[8,-37],[24,-47],[30,-43],[33,-43],[35,-38],[39,-31],[41,-19],[44,-10],[46,-3],[48,2],[49,5],[49,5],[48,2],[49,2],[52,5],[53,6],[50,4],[45,-3],[37,-12],[19,-33],[-1,-58],[-10,-64],[-8,-55],[-7,-53],[-9,-53],[-9,-53],[-10,-52],[-11,-53],[-11,-52],[-12,-54],[-24,-60],[-21,-56],[-1,-40],[28,-17],[45,-2],[54,6],[56,6],[49,3],[52,7],[51,5],[44,-6],[27,-31],[9,-59],[1,-19]],[[5327,2667],[-69,-53],[-77,-51],[-63,-17],[-61,2],[-175,62],[-189,122],[-143,76],[-187,73],[-64,8],[-64,-5],[-95,-31],[-63,-30],[-62,-41],[-184,-161],[-70,-79],[-133,-109],[-94,-44]],[[3534,2389],[-63,19],[-90,32]],[[3381,2440],[59,91],[106,217],[37,47],[76,221],[26,113],[143,121],[105,44],[57,128]],[[3381,2440],[-96,-19],[-90,-117],[-49,-263],[-7,-62],[-47,-115],[-115,-57],[-96,-20]],[[2881,1787],[-76,32],[-87,18],[-99,43],[-87,18],[-76,32],[-153,38]],[[5327,2667],[5,-43],[20,-41],[38,-14],[47,0],[16,2],[36,4],[51,6],[51,4],[59,10],[34,6],[11,9],[30,-33],[2,-41],[-7,-49],[-13,-54],[-15,-57],[-16,-58],[-12,-58],[-6,-54],[11,-56],[19,-56],[7,-50],[-21,-40],[-31,-39],[-24,-24],[-13,-12],[-43,-33],[-44,-27],[-45,-20],[-44,-11],[-48,-2],[-50,5],[-51,8],[-29,4],[-20,3],[-48,3],[-43,-6],[-37,-19],[-25,-42],[-17,-56],[-16,-57],[-19,-50],[-18,-50],[-6,-17],[-11,-33],[-17,-51],[-17,-50],[-18,-50],[-18,-49],[-26,-28],[-49,-10],[-49,-6],[-48,-2],[-44,9],[-39,26],[-34,40],[-31,44],[-27,26],[-43,47],[-43,16],[-47,11],[-49,5],[-50,-1],[-49,-5],[-46,-12],[-41,-18],[-37,-30],[-33,-40],[-32,-44],[-30,-45],[-27,-44],[-22,-52],[-11,-27]],[[4015,1189],[-87,93],[-36,72],[-38,96],[-53,193],[-92,110],[-71,113],[-42,170],[15,112],[6,99],[-83,142]],[[4015,1189],[-10,-24],[-27,-41],[-39,-17],[-53,11],[-50,5],[-28,-28],[-12,-52],[-8,-59],[-15,-53],[-27,-43],[-30,-42],[-34,-39],[-34,-37],[-15,-16],[-20,-20],[-36,-35],[-37,-35],[-38,-33],[-39,-31],[-39,-29],[-44,-8],[-52,8],[-43,-6],[-21,-45],[-13,-57],[-15,-54],[-27,-35],[-48,1],[-51,6],[-47,1],[-47,0],[-49,5],[-49,6],[-47,-2],[-41,-19],[-36,-39],[-34,-49],[-33,-46],[-34,-32],[-16,-2],[-21,-4],[-40,19],[-40,34],[-42,42],[-41,41],[-40,33],[-38,15],[-35,-10],[-7,-8]],[[2373,366],[45,141],[111,107],[-6,111],[26,113],[49,90],[82,105],[123,45],[62,54],[26,113],[-39,108],[-17,110],[16,112],[5,99],[25,113]],[[1136,2102],[104,113],[3,122],[39,76]],[[2373,366],[-25,-28],[-30,-50],[-31,-52],[-32,-43],[-31,-42],[-32,-43],[-33,-41],[-35,-33],[-39,-23],[-47,-11],[-50,0],[-48,18]],[[1940,18],[26,124],[-14,61],[-144,273],[153,147],[16,100],[-103,116],[-28,109],[94,56],[137,34],[82,68],[95,217],[24,137],[-14,61],[-25,60],[-90,80],[-99,42],[-226,21],[-137,-35],[-75,-5],[-175,62],[-78,43],[-67,57],[-70,106],[-86,150]],[[1940,18],[-3,0],[-40,15],[-42,35],[-42,42],[-39,41],[-37,34],[-32,18],[-25,-13],[-9,-58],[-7,-70],[-12,-24],[-9,-20],[-40,-11],[-51,5],[-52,8],[-48,-1],[-48,-4],[-48,-2],[-46,7],[-44,17],[-36,19],[-7,3],[-42,24],[-43,26],[-42,26],[-42,25],[-43,23],[-44,19],[-44,12],[-47,4],[-48,-2],[-48,-4],[-48,-3],[-48,-2],[-51,-7],[-52,-8],[-51,-6],[-47,0],[-42,9],[-35,23],[-30,34],[-25,42],[-21,49],[-21,58],[-16,50],[-16,55],[-17,53],[-14,52],[-4,56],[-5,55],[-18,46],[-30,40],[-34,39],[-38,35],[-41,32],[9,93],[-5,98],[-17,98],[-27,109],[-6,111],[-30,146],[90,117],[65,-8],[36,-71],[59,-95],[38,-108],[47,-83],[66,-20],[82,68],[51,226],[87,179],[7,62],[-43,194],[-28,109],[27,101],[106,20],[54,-9],[175,-61],[109,-29],[108,-59]]],"objects":{"layer1":{"type":"GeometryCollection","geometries":[{"arcs":[[0,1,2,3]],"type":"Polygon","properties":{"ID_":"IND021010506","NAME1_":"Kankadahad","AreaLevel":4,"AreaGId":0,"Parent_Are":"IND0210105"}},{"arcs":[[-3,4,5,6]],"type":"Polygon","properties":{"ID_":"IND021010508","NAME1_":"Parjang","AreaLevel":4,"AreaGId":0,"Parent_Are":"IND0210105"}},{"arcs":[[-1,7,8,9,10]],"type":"Polygon","properties":{"ID_":"IND021010501","NAME1_":"Bhuban","AreaLevel":4,"AreaGId":0,"Parent_Are":"IND0210105"}},{"arcs":[[-2,-11,11,12,-5]],"type":"Polygon","properties":{"ID_":"IND021010505","NAME1_":"Kamakhyanagar","AreaLevel":4,"AreaGId":0,"Parent_Are":"IND0210105"}},{"arcs":[[13,14,-9]],"type":"Polygon","properties":{"ID_":"IND021010503","NAME1_":"Gandia","AreaLevel":4,"AreaGId":0,"Parent_Are":"IND0210105"}},{"arcs":[[-10,-15,15,16,-12]],"type":"Polygon","properties":{"ID_":"IND021010502","NAME1_":"Dhenkanal","AreaLevel":4,"AreaGId":0,"Parent_Are":"IND0210105"}},{"arcs":[[17,-6,-13,-17,18,19]],"type":"Polygon","properties":{"ID_":"IND021010507","NAME1_":"Odapada","AreaLevel":4,"AreaGId":0,"Parent_Are":"IND0210105"}},{"arcs":[[-20,20]],"type":"Polygon","properties":{"ID_":"IND021010504","NAME1_":"Hindol","AreaLevel":4,"AreaGId":0,"Parent_Are":"IND0210105"}}]}}}