{"type":"Topology","transform":{"scale":[0.00016859603289792125,0.00014355891341256386],"translate":[83.777862,18.778881]},"arcs":[[[3546,3242],[-58,-4],[-76,-16],[-151,-42],[-84,-49],[-67,-4],[-79,37],[-82,80],[-86,-6]],[[2863,3238],[-97,15],[-78,16],[-88,26],[-116,13],[-87,5],[-55,-36],[-74,-59],[-49,18],[-45,115],[-96,154],[-47,69],[-148,153],[-81,69],[-89,47],[-148,-15]],[[1565,3828],[4,22],[3,48],[-3,47],[-8,45],[-13,47],[-19,45],[-22,39],[-30,24],[-43,-1],[-46,-6],[-42,0],[-43,0],[-42,1],[-43,-1],[-44,-2],[-10,23],[-6,14],[-10,47],[-9,48],[-16,44],[-19,43],[-22,41],[-23,39],[-32,25],[-10,25],[10,44],[15,47],[16,45],[18,42],[20,41],[21,41],[17,43],[17,46],[14,48],[9,43],[-26,11],[-20,26],[0,48],[7,50],[14,44],[23,39],[28,37],[30,35],[27,34],[-26,8],[-45,-6],[-36,16],[-32,30],[-30,34],[-28,38],[-23,39],[-18,41],[-9,46],[-5,48],[-3,46],[-1,47],[1,47],[1,46],[-1,48],[-2,49],[1,46],[20,-21],[36,-33],[36,-34],[35,-31],[35,-22],[34,-11],[30,11],[27,35],[26,47],[28,43],[33,26],[39,8],[44,-2],[44,-6],[44,-4],[42,0],[43,0],[42,0],[42,0],[43,-1],[42,0],[42,0],[43,0],[42,-1],[43,0],[42,0],[42,0],[46,4],[44,2],[20,-29],[9,-46],[4,-50],[6,-49],[5,-50],[5,-51],[11,-41],[27,-20],[46,4],[46,5],[43,-1],[42,0],[42,0],[43,0],[42,0],[42,-1],[44,3],[35,-16],[24,-49],[21,-52],[20,-38],[20,-6],[19,32],[3,11],[168,-143],[180,-105],[58,-17],[49,-8],[76,16],[141,53],[152,32],[24,-62],[66,-112],[32,-61],[51,-96],[6,-96],[-11,-150],[10,-171],[-4,-86],[3,-64],[-4,-86],[24,-94],[54,-93],[67,-166],[9,-150],[-124,-190],[-124,-180],[-53,-79],[-33,-88]],[[2863,3238],[-98,-125],[-120,-93],[-85,-28],[-84,-48],[-72,-70],[-33,-109],[-53,-68],[-154,-160],[-43,-100],[-13,-108],[35,-94],[79,-48],[78,-5],[76,5],[228,48],[88,-15],[98,-47],[51,-50],[42,-50],[98,-197],[70,-49],[89,-47],[162,-128],[91,81],[34,78],[23,98],[143,20],[152,32],[66,26],[75,37],[223,123]],[[4109,2147],[18,-145],[-4,-79],[11,-71],[-18,-19],[-40,-73],[-37,-72],[-115,0],[-50,48],[-122,61],[78,-200],[11,-100]],[[3841,1497],[-250,132],[-110,-93],[-86,5],[-156,32],[-58,6],[-163,-11],[-68,6],[-58,18],[-53,82],[-62,70],[-86,-16],[-57,-4],[-100,68],[-50,28],[-87,5],[-85,-17],[-94,-38],[-24,-88],[5,-85],[-42,-99],[-4,-97],[-7,-54]],[[2146,1347],[-66,-15],[-87,5],[-25,94],[-32,62],[-85,-38],[-86,-6],[-79,38],[-85,-28],[-119,-104],[-56,-25],[-201,240]],[[1225,1570],[33,16],[25,37],[18,48],[8,49],[-5,43],[-18,42],[-25,41],[-28,38],[-39,14],[17,36],[26,48],[29,44],[30,29],[27,0],[27,-28],[26,-44],[29,-47],[31,-34],[41,-17],[50,-4],[39,12],[16,33],[3,52],[-6,53],[-17,31],[-48,-5],[-23,37],[-21,46],[-13,46],[1,44],[19,42],[29,42],[9,13],[17,26],[7,28],[-44,6],[-18,43],[-15,48],[-19,43],[-29,23],[-48,-4],[-48,-8],[-25,16],[-4,42],[8,53],[13,50],[20,42],[27,39],[27,39],[15,40],[-1,44],[-14,47],[-22,44],[-25,35],[-49,-8],[-5,35],[7,47],[12,50],[17,44],[21,42],[24,41],[26,37],[30,30],[48,-7],[26,17],[4,44],[-3,50],[-5,50],[-8,48],[-12,49],[-9,45],[16,21],[37,14],[19,41],[16,45],[12,47],[4,23]],[[3546,3242],[10,-181],[13,-52],[23,-63],[63,-92],[101,-79],[-15,-76],[-9,-172],[44,-104],[101,-89],[67,15],[87,-15],[32,-51],[46,-136]],[[3841,1497],[-72,-38],[-42,-115],[63,-119],[-43,-154],[-58,56],[-74,-43],[-100,4],[43,-88],[8,-90],[-57,-44],[-60,29],[-45,17],[41,-92],[-47,-75],[-90,51],[-59,34],[-20,-51],[28,-160],[23,-126],[-74,-56],[-51,-35]],[[3155,402],[-62,19],[-54,26],[-59,30],[-48,7],[-23,8],[-72,25],[-94,64],[-76,47],[-229,-170]],[[2438,458],[-113,131],[-14,74],[-25,95],[-58,6],[-88,26],[-82,91],[-34,83],[56,36],[88,-26],[151,43],[72,90],[-85,134],[-160,106]],[[703,1424],[184,-249],[73,-102],[33,-73],[48,-168],[14,-63],[-4,-97],[23,-73],[31,-112],[79,-80],[118,28],[16,35],[21,40],[81,102],[83,49],[29,173],[83,48],[62,-60],[3,-64],[-13,-97],[96,-164],[13,-100],[64,-66],[85,27],[117,-35]],[[2042,323],[-4,-86],[-14,-97],[14,-83]],[[2038,57],[-48,-57],[-137,42],[-143,-21],[-146,135],[-76,127],[-172,54],[-161,0],[-116,-40],[-112,0],[-79,-88],[-152,78],[-46,152],[-103,3],[-98,-18],[-60,16],[-71,119],[-64,118],[0,96],[-12,108],[-80,71],[-59,61],[3,152],[-14,125],[-37,146],[-52,139],[-3,5],[202,77],[24,49],[23,33],[24,1],[22,-33],[22,-49],[25,-49],[30,-30],[46,6],[43,1],[26,-32],[19,-45],[18,-46],[24,-36],[36,-13],[45,7],[46,-2],[28,5]],[[703,1424],[11,1],[19,41],[16,48],[17,45],[27,28],[39,5],[46,-7],[45,-4],[42,0],[42,0],[43,0],[42,-1],[45,-4],[47,-7],[41,1]],[[2438,458],[-64,-58],[-154,10],[-86,-5],[-92,-82]],[[3155,402],[-14,-154],[-59,20],[-151,30],[-85,-106],[-141,-21],[-129,55],[-128,-20],[-122,-50],[-127,-10],[-117,-37],[-44,-52]]],"objects":{"layer1":{"type":"GeometryCollection","geometries":[{"arcs":[[0,1,2]],"type":"Polygon","properties":{"ID_":"IND021032203","NAME1_":"Mohana","AreaLevel":4,"AreaGId":0,"Parent_Are":"IND0210322"}},{"arcs":[[-2,3,4,5,6,7]],"type":"Polygon","properties":{"ID_":"IND021032204","NAME1_":"Nuagada","AreaLevel":4,"AreaGId":0,"Parent_Are":"IND0210322"}},{"arcs":[[-1,8,-4]],"type":"Polygon","properties":{"ID_":"IND021032206","NAME1_":"R.Udyagiri","AreaLevel":4,"AreaGId":0,"Parent_Are":"IND0210322"}},{"arcs":[[-6,9,10,11]],"type":"Polygon","properties":{"ID_":"IND021032207","NAME1_":"Rayagada","AreaLevel":4,"AreaGId":0,"Parent_Are":"IND0210322"}},{"arcs":[[12,13,14]],"type":"Polygon","properties":{"ID_":"IND021032202","NAME1_":"Kashinagar","AreaLevel":4,"AreaGId":0,"Parent_Are":"IND0210322"}},{"arcs":[[15,-7,-12,16,-13]],"type":"Polygon","properties":{"ID_":"IND021032201","NAME1_":"Gumma","AreaLevel":4,"AreaGId":0,"Parent_Are":"IND0210322"}},{"arcs":[[-11,17,-14,-17]],"type":"Polygon","properties":{"ID_":"IND021032205","NAME1_":"Paralakemedi","AreaLevel":4,"AreaGId":0,"Parent_Are":"IND0210322"}}]}}}