{"type":"Topology","transform":{"scale":[0.0001582009670595355,0.00015034085305719913],"translate":[84.14805599999998,19.044763]},"arcs":[[[2967,7487],[6,-1],[38,14],[33,29],[31,34],[27,38],[23,39],[17,40],[14,42],[12,43],[11,44],[11,44],[12,43],[15,42],[17,42],[20,42],[24,40],[28,33],[36,16],[49,-7],[46,-2],[45,0],[45,0],[48,5],[48,5],[43,-3],[36,-18],[28,-32],[23,-40],[23,-42],[26,-38],[26,-39],[25,-40],[28,-36],[33,-26],[39,-13],[45,1],[48,5],[47,3],[49,6],[56,-6],[19,-20],[23,-38],[21,-42],[21,-42],[21,-26],[-8,-42],[-10,-43],[-3,-12],[-8,-32],[-10,-44],[-10,-44],[-8,-44],[-4,-44],[5,-45],[9,-45],[2,-43],[-9,-44],[-15,-45],[-20,-41],[-25,-31],[-50,7],[-28,-32],[-25,-43],[-16,-45],[1,-40],[19,-36],[16,-18],[14,-15],[36,-33],[36,-32],[33,-31],[35,-29],[36,-28],[35,-29],[32,-31],[25,-36],[14,-42],[9,-45],[11,-43],[26,-27],[13,-46],[14,-46],[20,-36],[35,-16],[46,3],[50,6],[48,3],[49,6],[40,-8],[27,-29],[22,-40],[17,-45],[14,-44],[15,-43],[12,-44],[4,-44],[-6,-44],[-12,-44],[-14,-44],[-17,-44],[-12,-32]],[[4813,5768],[-91,-87],[-115,44],[-95,35],[-76,-87],[37,-89],[-16,-83],[-60,-14],[-84,25],[-84,36],[-91,-16],[-79,-56],[-4,-92],[67,-78],[-7,-61],[-165,20],[-92,-6],[-79,-35],[-79,-46],[-95,35]],[[3605,5213],[-7,112],[-124,166],[-24,60],[-10,92],[-90,24],[-154,1]],[[3196,5668],[-4,61],[-16,91],[36,84],[46,85],[26,63],[16,72],[35,84],[64,127],[26,73],[-49,120],[-92,4],[-167,-113],[-93,13],[-17,93],[-25,80],[-97,66],[27,63],[58,54],[35,84],[14,104],[79,45],[17,63],[-95,45],[-145,22],[92,336]],[[3196,5668],[-26,-73],[-36,-74],[-90,-36],[-93,14],[-78,-66],[-24,-93],[-51,-167],[-27,-53],[-90,-36],[-94,25],[-175,10]],[[2412,5119],[-94,35],[-90,117],[-34,32],[-33,23],[-77,18],[-55,0],[-89,5]],[[1940,5349],[0,5],[-4,44],[-10,43],[-11,44],[-8,44],[-5,25],[-3,20],[-7,45],[2,43],[15,41],[25,39],[24,39],[16,40],[6,49],[-1,51],[-12,40],[-29,19],[-43,2],[-51,-5],[-50,-5],[-45,0],[-45,0],[-45,0],[-46,-1],[-51,-7],[-47,-1],[-29,19],[-7,46],[0,54],[-12,40],[-34,12],[-48,-4],[-52,-9],[-48,-2],[-35,16],[-27,37],[-18,47],[-6,47],[8,40],[15,29],[6,12],[30,39],[33,32],[36,21],[46,-2],[48,-6],[49,-7],[41,7],[23,36],[16,47],[17,44],[27,29],[41,6],[49,-6],[48,-4],[42,1],[-15,36],[-23,40],[-25,42],[-16,43],[-12,45],[-7,45],[4,44],[16,40],[22,38],[25,38],[27,37],[27,37],[26,38],[24,38],[19,39],[10,41],[-4,46],[-10,46],[-14,17],[-6,9],[-20,43],[-17,43],[-11,44],[2,42],[14,44],[22,43],[27,36],[35,24],[53,-1],[26,-26],[7,-44],[1,-49],[2,-43],[1,-22],[31,-30],[34,-31],[33,-33],[32,-33],[27,-36],[24,-40],[24,-39],[27,-34],[39,-20],[47,8],[25,33],[19,41],[18,44],[19,38],[48,-2],[46,0],[47,-2],[44,1],[6,42],[-4,54],[5,44],[26,21],[40,5],[49,-4],[65,-9],[33,-1],[46,0],[45,0],[45,-1],[43,-6]],[[4813,5768],[-4,-11],[-15,-42],[-11,-40],[7,-28],[53,6],[45,0],[45,-1],[45,0],[45,0],[51,4],[16,-25],[-4,-44],[-9,-47],[-5,-46],[-5,-48],[-3,-48],[4,-41],[27,-18],[52,7],[50,5],[24,2],[24,2],[33,-15],[17,-37],[9,-47],[10,-48],[15,-43],[16,-46],[6,-13]],[[5351,5106],[-124,-99],[-58,-55],[-38,-43],[-37,-53],[-146,-122],[-79,-46],[-90,-36],[-165,10],[-163,-10],[-78,-13],[-164,-53],[-69,-35],[-87,-87],[-45,-95],[-56,-85],[-27,-53],[-34,-104]],[[3891,4127],[-36,-84],[-24,-94],[-67,-75]],[[3764,3874],[-37,89],[4,103],[-6,81],[-14,71],[-36,79],[-93,158],[-94,35],[-36,80],[-26,80]],[[3426,4650],[45,95],[143,9],[26,83],[-144,165],[-58,98],[-6,102],[80,26],[93,-15]],[[2412,5119],[7,-112],[55,-48],[53,-38],[95,-35],[90,37],[92,-5],[-16,-62],[-45,-95],[-33,-125],[-44,49],[-27,90],[-63,27],[-16,-63],[57,-174],[42,-85]],[[2659,4480],[-104,14],[-48,-44],[-14,-103],[15,-71],[-4,-92],[-125,-130],[-164,-154],[-83,5],[-86,-87],[-168,-72],[-96,25],[-102,-6],[-63,-137],[-14,-93],[-26,-73],[-47,-74],[-84,-128]],[[1446,3260],[-162,-31],[-150,-50],[-81,-15],[-52,7],[-62,16],[-191,101],[-179,136],[15,40],[13,53],[4,45],[-5,44],[-8,45],[-3,44],[5,45],[7,44],[4,44],[-1,46],[-4,50],[-10,44],[-23,28],[-43,0],[-52,-9],[-43,9],[-31,28],[-27,37],[-26,40],[-27,37],[-22,25],[3,44],[5,45],[8,45],[13,44],[16,45],[14,42],[4,23],[-62,0],[-46,0],[-48,-2],[-52,-7],[-37,7],[-11,33],[4,47],[6,51],[-4,45],[-9,47],[-13,44],[-18,38],[-49,1],[-16,21],[8,45],[16,48],[21,39],[48,1],[33,7],[-8,44],[-17,50],[-9,44],[24,17],[54,-7],[28,-2],[21,-2],[55,-7],[47,-1],[24,15],[-1,39],[-16,49],[-23,47],[-42,15],[-23,3],[28,26],[34,28],[40,30],[33,22],[50,29],[41,16],[44,4],[46,-4],[47,-4],[46,-2],[48,-6],[49,-5],[45,-1],[40,8],[31,24],[20,39],[16,47],[18,44],[22,39],[22,41],[23,38],[26,34],[46,5],[24,-34],[22,-39],[19,-43],[16,-42],[10,-44],[7,-45],[7,-43],[30,-19],[45,0],[46,0],[45,0],[45,1],[48,6],[42,-9],[33,-27],[31,-35],[29,-37],[32,-33],[35,-23],[43,-6],[47,5],[47,3],[45,0],[45,0],[45,-2],[34,13],[9,43],[4,46],[0,41]],[[3426,4650],[-67,-66],[-33,-97],[-86,39],[-70,-35]],[[3170,4491],[-76,67],[-94,35],[-7,-62],[6,-91],[-38,-44],[-124,13],[-92,5],[-86,66]],[[5351,5106],[13,-30],[25,-32],[37,-12],[48,5],[50,8],[43,-7],[35,-24],[30,-35],[30,-37],[30,-35],[35,-25]],[[5727,4882],[-24,-64],[-29,-48],[-17,-71],[-6,-54],[-61,-178],[-145,-131],[-99,-58],[7,-101],[-59,-45],[-95,-108],[-84,25],[-47,100],[-67,77],[-53,28],[-94,35],[-90,-36],[-14,-104],[57,-88],[95,-45],[47,-89],[-27,-53],[-89,-57],[-79,-3],[-133,-41],[-80,-35]],[[4541,3738],[-84,25],[-85,56],[-94,25],[-103,14],[-86,56],[-86,66],[-66,68],[-46,79]],[[5727,4882],[44,-3],[47,5],[50,6],[32,-18],[17,-40],[13,-45],[6,-38],[33,-44],[25,-40],[28,-38],[30,-31],[35,-22],[46,1],[49,8],[41,-10],[33,-26],[31,-34],[28,-37],[28,-37]],[[6343,4439],[-55,20],[-111,-37],[-83,25],[15,-80],[57,-89],[-75,-107],[75,-46],[-48,-54],[-90,-36],[-69,-35],[-45,-95],[82,-159],[-113,-150],[-58,-55],[-85,36],[-36,90],[-44,48],[-28,-53],[26,-80],[-60,-24],[-152,134],[-104,24],[-76,67],[-12,-134],[-87,-87],[-91,-6],[-94,15],[-58,-44]],[[4924,3527],[6,-92],[-81,-26],[-65,-96],[-72,-4],[-122,156]],[[4590,3465],[-30,112],[-44,67],[25,94]],[[3764,3874],[6,-102],[40,-131],[-5,-82],[6,-91],[26,-91],[35,-69]],[[3872,3308],[-95,-108],[-79,-56],[-85,56],[-95,45],[-88,-77],[-138,73]],[[3292,3241],[-16,91],[-114,177],[-5,82],[-14,50],[-45,69],[-75,56],[-67,78],[85,108],[26,73],[15,93],[24,93],[76,97],[15,93],[-27,90]],[[3292,3241],[-93,15],[-150,-60],[-37,100],[-93,14],[-54,48],[-85,46],[-37,-74],[37,-90],[-76,-96],[-59,-35],[-101,-26],[4,-61],[122,-146]],[[2670,2876],[-58,-45],[-80,-35],[-80,-26],[-71,-14],[-82,-5],[-51,7],[-100,41],[-146,117],[-65,47],[-73,26],[-93,15],[-90,-46],[-50,-14]],[[1631,2944],[-54,91],[-35,59],[-70,107],[-26,59]],[[6343,4439],[27,-36],[25,-39],[24,-40],[26,-35],[34,-22],[51,9],[19,-29],[6,-44],[0,-42],[0,-53],[-5,-44],[-8,-45],[-3,-44],[4,-44],[9,-43],[11,-44],[8,-44],[8,-44],[7,-44],[6,-37],[1,-7],[7,-44],[6,-44],[5,-44],[5,-44],[2,-44],[0,-45],[-4,-45],[-4,-44],[-6,-46],[-11,-43],[-20,-39],[-25,-37],[-30,-36],[-33,-32],[-35,-27],[-46,-7],[-55,11],[-17,-21],[-1,-40],[2,-25]],[[6333,2972],[-61,-6],[-82,5],[-94,25],[-93,5],[-97,75],[-116,44],[-91,-16],[-55,-95],[-89,-57],[-93,25],[-55,-75],[14,-91],[-25,-83],[-61,-4]],[[5335,2724],[-68,88],[5,92],[-46,69],[-96,65],[-57,89],[-6,92],[79,35],[56,96],[-46,78],[-62,7],[-83,15],[-87,77]],[[4590,3465],[-81,-26],[-86,-97],[-44,-105],[15,-81],[74,-36],[4,-61],[-71,-4],[-78,-22],[-106,20],[-84,26],[-99,-47]],[[4034,3032],[-78,87],[-58,99],[-26,90]],[[5335,2724],[35,-69],[-53,-47]],[[5317,2608],[-70,49],[-55,48],[-92,5],[-25,-94],[26,-90],[-35,-84],[-34,-105],[-90,-36],[-168,-92],[-169,-92]],[[4605,2117],[-80,-26],[-93,15],[-27,90],[79,56],[91,16],[70,25],[-39,130],[90,37],[17,52],[-56,78],[-52,171],[-90,-47],[-86,66],[-92,5],[-70,-35],[-95,45],[-93,5],[-39,130]],[[4040,2930],[-6,102]],[[4040,2930],[-104,-282],[-77,-77]],[[3859,2571],[-99,96],[-95,46],[-92,-6],[-50,-13],[-80,-36],[-131,-39],[-175,10],[-137,63],[-172,122],[-158,62]],[[6333,2972],[1,-21],[7,-50],[11,-49],[14,-46],[8,-18],[10,-19],[18,-9],[32,7],[30,2],[10,-9],[8,-16],[-85,-71],[-111,-80],[-60,-60],[-67,-39],[-76,-80],[-109,-168],[-34,-74],[3,-9],[-8,-8],[-265,-122],[-26,-17]],[[5644,2016],[-71,38],[-98,