{"type":"Topology","transform":{"scale":[0.00020882460202604667,0.0001687189734960033],"translate":[86.043418,19.979312]},"arcs":[[[441,2051],[52,-97],[73,-67],[28,-71],[-42,-68],[-100,-42],[-26,-84],[10,-45]],[[436,1577],[-92,-80]],[[344,1497],[-79,77],[-41,51],[-51,78],[-28,80],[-78,286],[-35,70],[-32,162],[42,76],[121,-82],[131,-118],[66,-77],[81,-49]],[[2100,1953],[-129,-64],[-45,-21],[-11,-83],[36,-88],[-12,-74],[-68,-23],[-60,-32],[-45,-40],[-12,-55],[35,-71],[-35,-84],[21,-90]],[[1775,1228],[-32,-130],[-125,-118],[-20,-56],[-21,-93],[-58,-68]],[[1519,763],[-34,89],[-19,62],[-66,68],[-93,148],[-65,50],[-65,59]],[[1177,1239],[-36,80],[-74,50],[-42,78],[18,101]],[[1043,1548],[42,85],[26,84],[36,57],[43,58],[-3,64],[-43,79],[-20,80],[-18,44]],[[1106,2099],[67,51],[69,5],[146,29],[125,-9],[124,9],[62,-5],[70,5],[71,-22],[60,32],[61,22],[55,-5],[38,-27],[-8,-92],[50,-66],[4,-73]],[[1043,1548],[-153,98],[-117,10],[-60,-32],[-60,-40],[-70,4],[-68,-42],[-79,31]],[[441,2051],[61,23],[69,14],[63,-14],[70,-4],[66,60],[68,32],[70,-4],[64,-32],[64,-23],[70,-4]],[[2564,1369],[-69,39],[-63,5],[-68,-23],[-61,-32],[-53,-22],[-63,13],[-72,41],[-68,-33],[-51,-58],[-59,-50],[-53,-31],[-61,-23],[-48,33]],[[2100,1953],[69,5],[68,42],[12,64],[151,-62],[63,-13],[62,-5],[61,14],[145,47],[69,17],[125,-12],[55,-14],[94,-37],[-27,-44],[14,-44],[2,-63],[9,-25],[17,-18],[28,-11],[30,2],[75,60],[59,15],[71,65],[47,18],[37,39],[19,-6],[-10,-23],[-134,-109],[-11,-6],[-228,-139],[-63,-68],[-40,-10],[-109,-66],[-22,-20],[-151,-87],[-122,-90],[-1,0]],[[1177,1239],[-98,-61],[-68,-42],[-37,-96],[38,-59],[27,-70],[-75,-42],[-44,-40]],[[920,829],[-71,22],[-64,32]],[[785,883],[-28,80],[-78,149],[3,82],[-35,70],[-122,101],[-129,82],[-52,50]],[[2564,1369],[-71,-66],[-11,-7],[-7,5],[-37,-30],[3,-15],[-54,-39],[-52,-65],[-61,-123],[-57,-152],[-120,-202],[-10,-12],[-165,-197],[-60,-134],[-33,-57],[-12,22],[-2,33],[36,92],[-14,8],[-41,-82],[-39,-142],[3,-83],[6,-7],[27,0],[10,-51],[-44,14],[12,-6],[-32,-12],[-27,-11],[-37,-14],[-28,-10],[-37,-13],[-25,-7],[-34,0],[-38,-6],[-33,2],[-20,25],[-15,36],[-12,40],[-23,30],[-11,42],[-20,35],[-21,32],[-23,27],[-28,17],[-34,0],[-37,-6],[-36,-3],[-35,-5]],[[1165,272],[8,38],[-4,82],[53,22],[68,41],[70,-4],[68,32],[19,75],[30,157],[42,48]],[[1165,272],[-3,0],[-28,9],[-12,34],[-5,46],[-8,41],[-20,21],[-33,3],[-37,-5],[-37,-4],[-13,0]],[[969,417],[19,153],[-64,41],[6,52],[31,41],[24,38],[-38,50],[-27,37]],[[969,417],[-21,1],[-34,0],[-35,0],[-34,0],[-58,134],[-2,331]]],"objects":{"layer1":{"type":"GeometryCollection","geometries":[{"arcs":[[0,1,2]],"type":"Polygon","properties":{"ID_":"IND021021402","NAME1_":"Biridi","AreaLevel":4,"AreaGId":0,"Parent_Are":"IND0210214"}},{"arcs":[[3,4,5,6,7,8]],"type":"Polygon","properties":{"ID_":"IND021021408","NAME1_":"Tirtol","AreaLevel":4,"AreaGId":0,"Parent_Are":"IND0210214"}},{"arcs":[[-8,9,-1,10]],"type":"Polygon","properties":{"ID_":"IND021021407","NAME1_":"Raghunathpur","AreaLevel":4,"AreaGId":0,"Parent_Are":"IND0210214"}},{"arcs":[[11,-4,12]],"type":"Polygon","properties":{"ID_":"IND021021405","NAME1_":"Kujang","AreaLevel":4,"AreaGId":0,"Parent_Are":"IND0210214"}},{"arcs":[[-10,-7,13,14,15,-2]],"type":"Polygon","properties":{"ID_":"IND021021404","NAME1_":"Jagatsingpur","AreaLevel":4,"AreaGId":0,"Parent_Are":"IND0210214"}},{"arcs":[[-12,16,17,-5]],"type":"Polygon","properties":{"ID_":"IND021021403","NAME1_":"Erasama","AreaLevel":4,"AreaGId":0,"Parent_Are":"IND0210214"}},{"arcs":[[-14,-6,-18,18,19]],"type":"Polygon","properties":{"ID_":"IND021021401","NAME1_":"Balikuda","AreaLevel":4,"AreaGId":0,"Parent_Are":"IND0210214"}},{"arcs":[[-15,-20,20]],"type":"Polygon","properties":{"ID_":"IND021021406","NAME1_":"Nuagaon","AreaLevel":4,"AreaGId":0,"Parent_Are":"IND0210110"}}]}}}