{"type":"Topology","transform":{"scale":[0.0001478705719981598,0.00011709759788159666],"translate":[85.675422,20.558082]},"arcs":[[[1644,4645],[26,-56],[42,-63],[75,-42],[41,-10],[25,-63],[25,-31],[16,-53],[44,-38],[124,-56],[94,86],[65,18],[104,-97],[27,-103],[-103,-113],[-166,-170],[-28,-107],[201,-261],[66,-8],[93,99],[99,-6],[86,-4],[43,-144],[6,-117],[154,-212]],[[2803,3094],[-175,0],[-72,113],[-89,20],[-86,-20],[-59,-136],[-76,-5],[-99,5],[-107,-60],[5,-78],[66,-9],[100,-31],[51,-128],[28,-116],[-170,-183],[-44,-108],[-31,-232]],[[2045,2126],[-16,-2],[-48,1],[-40,14],[-20,44],[-5,46],[-2,20],[-8,63],[-28,32],[-45,7],[-52,-6],[-53,-7],[-51,-3],[-56,-7],[-56,-6],[-46,2],[-28,18],[1,43],[21,60],[24,63],[13,57],[11,56],[11,56],[10,56],[10,56],[9,56],[7,56],[8,59],[10,69],[2,60],[-20,35],[-38,13],[-46,3],[-51,-3],[-54,-7],[-54,-5],[-49,-2],[-50,-3],[-50,-5],[-50,-5],[-49,-2],[-47,3],[-45,10],[-42,21],[-40,33],[-36,40],[-34,46],[-30,46],[-25,50],[-8,39],[-5,22],[-13,60],[-24,40],[-39,15],[-48,1],[-53,-7],[-52,-7],[-42,11],[-62,-22],[-50,-3],[-38,17],[-22,42],[-12,59],[-8,63],[-10,57],[-8,57],[-7,58],[-7,57],[-7,57],[-10,56],[-13,54],[-18,51],[-27,46],[-33,43],[-34,43],[-31,44],[-30,46],[-31,45],[-28,47],[-22,50],[-16,55],[-10,60],[1,58],[17,50],[26,48],[34,46],[39,40],[41,31],[43,17],[46,6],[61,-16],[37,10],[51,-6],[25,-2],[24,-2],[52,6],[38,-22],[28,-45],[25,-50],[26,-51],[31,-44],[34,-43],[35,-43],[36,-40],[39,-34],[41,-26],[44,-14],[47,-4],[49,3],[51,5],[49,5],[49,1],[48,0],[49,-1],[48,0],[48,0],[50,-3],[51,-7],[51,-6],[47,2],[42,14],[34,34],[27,48],[24,55],[6,12]],[[4284,3047],[-95,-34],[-97,-20],[-83,-85],[-6,-92],[4,-92],[18,-116],[-48,-115],[-132,-201],[-129,-49]],[[3716,2243],[-103,71],[-75,11],[-90,3],[-9,157],[-72,113],[-98,-7],[-113,57]],[[3156,2648],[48,135],[-60,87],[-88,7]],[[3056,2877],[28,94],[5,105],[-5,105],[-22,119],[-79,122],[-82,99],[-60,101],[-42,56],[-50,73],[-73,67]],[[2676,3818],[6,14],[24,61],[20,53],[18,57],[17,58],[16,58],[18,56],[21,50],[24,43],[31,33],[41,12],[49,-2],[54,-10],[53,-9],[49,-1],[49,4],[50,5],[49,1],[47,-4],[45,-14],[45,-21],[43,-24],[43,-27],[42,-30],[42,-30],[41,-30],[42,-30],[41,-30],[25,-21],[16,-13],[40,-34],[40,-33],[40,-31],[42,-25],[54,-10],[52,4],[57,13],[37,-9],[9,-42],[3,-48],[-1,-53],[-5,-56],[-7,-59],[-8,-61],[-10,-61],[-9,-62],[-9,-61],[-8,-59],[-4,-35],[-3,-24],[-13,-66],[-11,-63],[9,-42],[37,-11],[54,10],[58,13],[50,-2],[31,-30],[22,-43]],[[2803,3094],[-20,-238],[273,21]],[[3156,2648],[-116,-74],[-82,-111],[-28,-94],[39,-116],[61,-100],[38,-102],[28,-103],[76,-204],[105,-111],[77,-7],[97,33],[99,-5],[87,6],[191,-77]],[[3828,1583],[89,-20],[93,-98],[5,-105],[-26,-120],[6,-117],[-37,-121],[-7,-66],[57,-14],[30,-69],[6,-53],[24,-45],[30,-31],[30,-30],[12,-20],[-47,-195],[32,-121],[-27,-120]],[[4098,238],[-95,-73],[-77,8],[-88,203],[-102,71],[-49,88],[-104,98],[-88,6]],[[3495,639],[-91,72],[-83,112],[-29,129],[-49,101],[-134,43],[-98,-7],[-97,-47],[36,160],[-80,47],[-67,21],[-139,-50],[-98,-20],[-352,257]],[[2214,1457],[26,26],[31,40],[21,43],[-7,53],[-19,60],[-12,59],[6,58],[13,61],[16,62],[16,61],[13,57],[7,52],[-2,44],[-31,35],[-11,-9],[-34,-6],[-61,-12],[-52,-3],[-52,-7],[-37,-5]],[[4284,3047],[18,-51],[14,-57],[13,-60],[11,-60],[13,-60],[14,-56],[8,-63],[9,-63],[18,-48],[34,-21],[44,-7],[50,2],[52,6],[53,6],[26,1],[24,1],[48,0],[48,0],[49,-1],[48,0],[48,0],[40,-2]],[[4966,2514],[-160,-360],[-87,-217],[-175,-13],[-39,-94],[91,-46],[136,-82],[93,36],[86,-101]],[[4911,1637],[-47,-114],[-100,-15],[50,-115],[17,-103]],[[4831,1290],[-99,-8],[-66,9],[-89,32],[-81,-124],[-181,-105],[-85,-46],[-91,-151],[183,-131],[81,-86],[101,-45],[61,-113],[54,-180]],[[4619,342],[-48,-135],[-142,-207],[-57,35],[-103,84],[-90,46],[-81,73]],[[3828,1583],[61,83],[94,99],[-28,103],[-69,60],[-97,-20],[-39,102],[16,119],[-50,114]],[[4966,2514],[9,-1],[50,-5],[49,-5],[49,-1],[47,6],[44,15],[43,24],[41,29],[8,7],[32,26],[40,35],[80,65],[49,0],[48,0],[48,-1],[49,0],[48,0],[48,0],[49,-1],[48,0],[49,1],[50,5],[51,5],[50,5],[48,0],[46,-7],[42,-16],[35,-33],[29,-47],[27,-53],[27,-51],[28,-47],[26,-48],[27,-48],[28,-46],[32,-43],[33,-45],[35,-43],[13,-14],[-82,-418],[-59,-136],[-64,-31],[-98,-20],[-94,-73],[39,-115],[-26,-120]],[[6137,1269],[-68,34],[-108,-34],[-85,-46],[-94,111],[-55,9],[-98,-7],[-53,167],[-72,99],[-89,33],[-66,-5],[-86,-19],[-100,18],[-86,-32],[-77,7],[-89,33]],[[6137,1269],[-73,-71],[-105,-87],[-47,-148],[-173,-39],[-88,-6],[-88,6],[-89,20],[-87,-7],[-96,-46],[-124,-141],[-75,-45],[-66,9],[-78,33],[-91,59]],[[4857,806],[128,62],[-5,92],[-110,27],[64,218],[-103,85]],[[3495,639],[-51,-56],[-86,-46],[-177,-148],[-87,-29],[-85,-46],[-53,-43],[-93,-99],[-120,-9],[-104,84],[-72,126],[-58,62],[-115,89],[-56,16],[-90,46],[-93,98],[-83,112],[-101,58],[-386,200],[6,18],[18,53],[19,54],[16,60],[18,59],[26,45],[37,20],[45,6],[48,-3],[21,-3],[30,-4],[52,-8],[51,-5],[49,1],[45,12],[46,22],[46,28],[43,35],[13,13]],[[4857,806],[-101,32],[-83,-72],[-26,-133],[104,-97],[-8,-23],[-30,-85],[-94,-86]],[[1644,4645],[20,40],[26,51],[23,56],[26,51],[33,36],[41,15],[47,3],[51,-6],[29,-5],[23,-3],[51,-8],[49,-2],[45,8],[37,26],[29,47],[26,54],[29,49],[37,36],[40,30],[42,29],[43,27],[45,24],[44,24],[45,21],[45,21],[51,17],[54,1],[28,-28],[9,-54],[-2,-65],[-12,-59],[-22,-48],[-30,-45],[-34,-43],[-34,-43],[-31,-44],[-32,-43],[-31,-44],[-30,-45],[-28,-46],[-22,-52],[-20,-55],[-20,-51],[-32,-34],[-34,-10],[8,-51],[10,-55],[13,-56],[14,-58],[16,-57],[18,-55],[20,-53],[25,-47],[32,-44],[33,-42],[32,-45],[25,-53],[21,-67],[20,-60],[17,-25],[4,-5],[24,15],[26,48],[20,50]]],"objects":{"layer1":{"type":"GeometryCollection","geometries":[{"arcs":[[0,1,2]],"type":"Polygon","properties":{"ID_":"IND021021510","NAME1_":"Sukinda","AreaLevel":4,"AreaGId":0,"Parent_Are":"IND0210215"}},{"arcs":[[3,4,5,6,7]],"type":"Polygon","properties":{"ID_":"IND021021508","NAME1_":"Korai","AreaLevel":4,"AreaGId":0,"Parent_Are":"IND0210215"}},{"arcs":[[8,-6,9,10,11,12,13,-2]],"type":"Polygon","properties":{"ID_":"IND021021506","NAME1_":"Dharmasala","AreaLevel":4,"AreaGId":0,"Parent_Are":"IND0210215"}},{"arcs":[[14,15,16,17,18,-11,19,-4]],"type":"Polygon","properties":{"ID_":"IND021021507","NAME1_":"Jajpur","AreaLevel":4,"AreaGId":0,"Parent_Are":"IND0210215"}},{"arcs":[[20,21,-16]],"type":"Polygon","properties":{"ID_":"IND021021504","NAME1_":"Dasarathpur","AreaLevel":4,"AreaGId":0,"Parent_Are":"IND0210215"}},{"arcs":[[-5,-20,-10]],"type":"Polygon","properties":{"ID_":"IND021021509","NAME1_":"Rasulpur","AreaLevel":4,"AreaGId":0,"Parent_Are":"IND0210215"}},{"arcs":[[-17,-22,22,23]],"type":"Polygon","properties":{"ID_":"IND021021503","NAME1_":"Binjharpur","AreaLevel":4,"AreaGId":0,"Parent_Are":"IND0210215"}},{"arcs":[[-13,24]],"type":"Polygon","properties":{"ID_":"IND021021501","NAME1_":"Barchana","AreaLevel":4,"AreaGId":0,"Parent_Are":"IND0210215"}},{"arcs":[[-24,25,-18]],"type":"Polygon","properties":{"ID_":"IND021021502","NAME1_":"Bari","AreaLevel":4,"AreaGId":0,"Parent_Are":"IND0210215"}},{"arcs":[[-9,-1,26,-7]],"type":"Polygon","properties":{"ID_":"IND021021505","NAME1_":"Dhangadi","AreaLevel":4,"AreaGId":0,"Parent_Are":"IND0210215"}}]}}}