{"type":"Topology","transform":{"scale":[0.00016808348755912054,0.00014530292652552992],"translate":[83.555824,21.524675]},"arcs":[[[4191,2957],[77,5],[86,16],[84,48],[34,77],[14,96],[192,13],[87,-5],[82,-79],[12,-52],[4,-63],[-14,-85],[-23,-97],[-10,-170],[6,-95],[-7,-53],[-23,-86],[-34,-87],[-43,-88],[-67,-174],[-43,-87]],[[4605,1991],[-24,72],[-58,17],[-89,37],[-91,68],[-75,-48],[-84,-37],[-81,47],[-94,142]],[[4009,2289],[75,26],[34,87],[-6,95],[43,87],[63,89],[13,96],[-40,188]],[[4009,2289],[-25,93],[-72,80],[-84,-48],[-23,-97],[-46,-45],[-67,-5],[-59,17],[-156,32],[-86,-17],[-78,6]],[[3313,2305],[6,64],[-5,94],[14,86],[6,64],[-6,95],[-19,33],[-20,23],[-19,23],[-45,46],[-35,29],[-36,23]],[[3154,2885],[0,23],[-2,48],[0,46],[18,26],[32,24],[23,40],[23,41],[25,37],[32,21],[46,-7],[42,0],[43,0],[42,-1],[44,4],[41,-4],[34,-26],[32,-31],[32,-33],[31,-32],[33,-28],[38,-15],[44,4],[43,2],[42,-1],[43,0],[42,0],[44,-2],[47,-7],[30,20],[56,-42],[37,-35]],[[3313,2305],[-42,-98],[15,-94],[20,-179],[24,-72],[61,-49],[87,-15],[78,-6],[79,-26],[120,-87],[34,-82],[-4,-96],[25,-93],[126,-171]],[[3936,1237],[-115,-177],[-88,25],[-67,154],[-25,94],[-23,51],[-81,69],[-78,26],[-92,-80],[-89,36],[-80,48],[-59,17],[-82,-80],[-74,-58],[-68,6],[-89,47],[-137,22],[-161,-42]],[[2528,1395],[-89,36],[-87,-6],[-76,-16],[-48,7],[-79,27],[-70,48],[-157,42],[-25,94],[-33,71],[-69,27],[-86,-27],[-104,-28],[-89,36],[-327,185]],[[1189,1891],[8,18],[24,38],[24,38],[26,38],[27,35],[31,31],[35,26],[37,22],[46,25],[32,17],[38,21],[35,25],[32,28],[23,41],[17,47],[20,42],[30,23],[42,3],[48,-8],[47,-8],[37,5],[21,29],[5,50],[2,53],[17,32],[40,7],[15,44],[13,48],[16,42],[29,22],[46,-6],[22,-2],[22,-1],[43,0],[42,0],[29,-1],[14,0],[42,0],[43,0],[42,0],[72,1],[19,-38],[12,-48],[13,-47],[23,-33],[17,-1],[29,-2],[37,22],[31,30],[31,33],[29,34],[29,36],[26,37],[23,41],[23,41],[24,35],[33,24],[46,0],[38,-20],[32,-30],[30,-35],[30,-35],[8,-8],[23,-24],[36,-23],[49,-6],[30,20],[9,41],[1,50],[0,50],[0,25]],[[4605,1991],[-68,-153],[-71,-100],[-57,-183],[-86,-176],[-60,39],[-87,-6],[-87,-54],[-106,-107],[-47,-14]],[[2528,1395],[-33,-98],[15,-83],[5,-95],[35,-93],[106,-162],[42,-71],[36,-104],[-38,-182],[-14,-96],[-53,-78],[-51,-109],[-64,-57],[-161,-64],[-86,-6],[-76,-16],[-77,-5],[-76,-16],[-77,-5],[-76,-16],[-202,-13],[-66,-26],[-40,82],[-56,70],[-116,161],[-72,80],[-63,80],[-86,153],[-44,92],[-106,162],[-62,70],[-240,153],[-63,91],[-44,81],[-53,81],[-76,143],[-128,203],[-24,94],[-344,361],[83,-10],[158,-69],[63,17],[76,-35],[27,31],[43,16],[49,-2],[30,-20],[8,-41],[-1,-52],[1,-49],[34,-12],[36,-25],[35,-25],[34,-27],[35,-28],[34,-28],[33,-29],[32,-36],[31,-41],[30,-39],[31,-28],[32,-9],[34,9],[36,23],[35,32],[34,37],[33,37],[28,34],[23,38],[20,42],[12,23]]],"objects":{"layer1":{"type":"GeometryCollection","geometries":[{"arcs":[[0,1,2]],"type":"Polygon","properties":{"ID_":"IND021010604","NAME1_":"Laikera","AreaLevel":4,"AreaGId":0,"Parent_Are":"IND0210106"}},{"arcs":[[-3,3,4,5]],"type":"Polygon","properties":{"ID_":"IND021010602","NAME1_":"Kirimira","AreaLevel":4,"AreaGId":0,"Parent_Are":"IND0210106"}},{"arcs":[[-5,6,7,8,9]],"type":"Polygon","properties":{"ID_":"IND021010601","NAME1_":"Jharsuguda","AreaLevel":4,"AreaGId":0,"Parent_Are":"IND0210106"}},{"arcs":[[-4,-2,10,-7]],"type":"Polygon","properties":{"ID_":"IND021010603","NAME1_":"Kolabira","AreaLevel":4,"AreaGId":0,"Parent_Are":"IND0210106"}},{"arcs":[[-9,11]],"type":"Polygon","properties":{"ID_":"IND021010605","NAME1_":"Lakhanpur","AreaLevel":4,"AreaGId":0,"Parent_Are":"IND0210106"}}]}}}