{"type":"Topology","transform":{"scale":[0.0001209704914860676,0.00013234747162022716],"translate":[82.519554,19.168684]},"arcs":[[[8678,9229],[-456,-368],[38,-125],[-56,-131],[8,-81],[23,-114],[10,-115],[-3,-116],[-16,-129],[-78,-138],[-67,-45],[-81,18],[-81,7],[-4,-105],[20,-79],[-21,-71],[-76,-40],[-99,64],[-22,91],[20,82],[6,82],[-46,66],[-98,52],[-49,101],[-32,67],[-88,-63]],[[7430,8139],[-12,138],[7,70],[20,82],[46,84],[-149,506]],[[7342,9019],[20,15],[37,39],[34,44],[35,43],[37,40],[35,41],[35,41],[38,39],[42,34],[48,29],[51,27],[53,25],[52,26],[15,8],[34,19],[43,32],[37,52],[28,65],[23,48],[16,4],[9,-32],[2,-51],[0,-61],[1,-65],[7,-60],[17,-49],[30,-31],[45,-12],[58,2],[66,9],[68,11],[67,7],[60,-3],[50,-19],[46,-27],[43,-32],[42,-36],[12,-12]],[[8248,6228],[-82,47],[-137,37],[-157,118],[-85,52]],[[7787,6482],[44,119],[45,95],[-34,79],[-72,65],[-46,67],[60,73],[70,85],[69,63],[89,5],[128,66],[6,82],[-32,56],[-170,116],[-121,4],[-493,-19],[-90,-40],[-119,-20],[21,71],[70,120],[58,97],[70,83],[5,130],[41,141],[44,119]],[[8678,9229],[27,-27],[38,-42],[37,-43],[36,-43],[35,-42],[34,-42],[23,-55],[14,-61],[20,-44],[37,-6],[45,16],[48,27],[52,33],[53,36],[54,33],[53,25],[64,1],[63,-8],[28,28],[6,49],[-1,56],[5,37],[94,-14],[56,-21],[58,-22],[55,-22],[28,-15],[23,-11],[43,-31],[34,-37],[29,-42],[25,-44],[23,-46],[20,-48],[18,-49],[17,-50],[15,-51],[13,-51],[13,-50],[13,-51],[12,-49],[11,-50],[8,-51],[5,-52],[2,-51],[-2,-51],[-5,-49],[-13,-48],[-31,-43],[-39,-41],[-34,-43],[-16,-47],[-3,-56],[8,-55],[22,-39],[53,-3],[68,8],[50,-22],[47,-31],[44,-36],[40,-40],[34,-41],[26,-44],[17,-51],[6,-52],[-6,-49],[-17,-51],[-27,-49],[-34,-42],[-43,-24],[-67,10],[-55,-4],[-31,-38],[-22,-48],[-17,-53],[-14,-51],[-1,-53],[1,-52],[-11,-37],[-3,-10],[-33,-39],[-41,-38],[-47,-35],[-50,-31],[-52,-24],[-53,-16],[-57,-5],[-60,3],[-61,5],[-61,5],[-62,-4],[-65,-7],[-50,11],[-28,39],[-16,55],[-17,52],[-32,35],[-60,-1],[-63,-5],[-61,5],[-61,5],[-59,0],[-55,-11],[-54,-21],[-54,-26],[-53,-30],[-46,-34],[-37,-39],[-24,-41],[-11,-49],[-2,-52],[3,-55],[3,-55],[-3,-52],[-13,-46],[-28,-39],[-44,-30],[-53,-26],[-58,-23],[-57,-24],[-50,-28],[-16,-15]],[[7787,6482],[-130,-31],[-154,-79],[-110,-123],[-153,-79],[-271,41],[-55,-131],[54,-170],[7,-81],[-91,-179],[-33,-83],[-145,-21],[-169,93],[-90,122],[-110,160]],[[6337,5921],[-74,106],[-21,242],[-18,57],[-36,102],[-9,104]],[[6179,6532],[134,-3],[20,82],[-25,126],[33,83],[9,58],[114,65],[78,28],[80,5],[90,41],[17,105],[9,59],[86,86],[34,72],[-46,66],[-69,19],[-91,-29],[-49,-49],[-73,-86],[-71,54],[8,58],[35,60],[21,71],[-7,231],[49,49],[81,-6],[81,-7],[-9,104],[-20,68],[101,76],[19,82],[-48,90],[-319,270]],[[6451,8460],[33,44],[33,44],[35,40],[20,21],[17,17],[39,32],[55,8],[66,-12],[58,1],[40,31],[33,43],[31,47],[32,44],[53,11],[40,37],[37,41],[38,42],[40,35],[48,22],[64,-8],[57,3],[22,16]],[[5104,7623],[20,0],[59,0],[59,-1],[59,0],[59,0],[61,-4],[62,-5],[61,-5],[58,1],[55,8],[51,19],[47,30],[43,38],[39,41],[34,43],[27,44],[22,48],[19,49],[17,50],[18,49],[22,47],[26,44],[34,39],[44,32],[51,27],[53,25],[53,26],[48,30],[41,36],[37,40],[35,42],[33,44]],[[6179,6532],[-296,27],[-147,-9],[-134,15],[-147,-9],[-132,-20],[-81,18],[0,150],[-118,132],[139,90],[-78,122],[-166,71],[-77,111],[29,129],[22,59],[111,205]],[[3770,7446],[23,0],[61,4],[60,4],[31,-2],[30,-1],[62,-7],[59,0],[50,18],[41,34],[37,42],[37,43],[40,37],[52,14],[62,-6],[59,-1],[41,0],[18,0],[59,0],[59,0],[59,0],[60,-1],[59,0],[59,0],[59,0],[59,-1],[59,0],[39,0]],[[6337,5921],[-157,-16],[-124,6],[-101,-66],[-31,-70],[-19,-83],[-86,-86],[-7,-82],[36,-102],[8,-92],[-64,-39],[-90,-40],[-39,-50],[-78,-131],[-1,-151],[-20,-70],[-208,-71],[38,-125],[80,-7],[57,-43],[124,-38],[125,-50],[107,-5],[123,-27],[82,-18],[81,-18],[60,-77],[-7,-70],[-76,-51],[-79,-5],[-79,-17],[-64,-39],[-27,-140],[-65,-28],[-83,30],[-121,15],[-101,-75],[-97,-111],[-92,-17],[-98,52]],[[5244,3914],[-98,51],[-134,3],[31,257],[-122,16],[-192,-86],[-61,102],[72,76],[7,70],[-38,160],[-94,36],[-104,56]],[[4511,4655],[-10,115],[83,121],[165,103],[-9,104],[-60,77],[127,77],[88,64],[58,96],[-18,57],[-124,39],[-120,3],[5,93],[-120,-7],[-94,6],[-102,97],[-138,50],[-84,41]],[[4158,5791],[48,72],[139,90],[47,72],[69,132],[126,89],[138,101],[70,121],[57,107],[42,130],[-46,67],[-93,-6],[-139,-90],[-131,-53],[-146,13],[32,94],[-60,78],[-123,27],[-67,7],[-34,79],[2,127],[-87,76],[-77,-28],[-90,-40],[-79,-17],[10,89],[4,318]],[[4158,5791],[-113,74],[-131,-32],[-182,-58],[-57,-108],[75,-99],[93,6],[116,53],[31,-55],[-110,-112],[-100,-87],[-100,-76],[-63,-38],[-119,-19],[-123,27],[-69,30],[-212,125],[-114,86],[-110,39],[-131,-31]],[[2739,5516],[-224,-37],[-324,37],[-21,80],[113,88],[49,49],[-9,104],[-127,85],[-122,15],[-118,-30],[-41,-2]],[[1915,5905],[-11,101],[2,274],[-56,68],[62,216],[48,72],[59,85],[134,148],[91,28],[173,11],[156,57],[96,121],[31,107],[21,246],[73,8],[74,8],[66,3],[61,-4],[62,-7],[59,0],[52,15],[44,37],[41,47],[39,46],[40,31],[46,5],[47,-15],[49,-28],[49,-35],[51,-36],[41,-26],[63,-31],[56,-11],[36,0]],[[8248,6228],[-20,-20],[-14,-49],[-5,-55],[-9,-49],[-45,-14],[-9,-47],[-4,-52],[-5,-72],[-44,-3],[-48,17],[-35,39],[-30,49],[-30,46],[-38,34],[-61,16],[-67,-3],[-41,-24],[-13,-45],[-5,-56],[-10,-53],[-26,-46],[-31,-45],[-36,-43],[-39,-36],[-51,-15],[-62,6],[-33,-37],[-28,-48],[-19,-52],[-5,-48],[16,-47],[27,-47],[28,-47],[17,-48],[14,-50],[13,-50],[13,-50],[12,-50],[12,-50],[12,-50],[12,-50],[13,-49],[14,-48],[16,-46],[48,-14],[25,-44],[22,-48],[19,-50],[17,-48],[15,-50],[11,-50],[4,-50],[-6,-49],[-14,-50],[-15,-49],[-12,-51],[-7,-53],[-11,-52],[-19,-41],[-62,6],[-43,-27],[-35,-41],[-32,-44],[-33,-44],[-35,-41],[-38,-38],[-39,-39],[-37,-39],[-34,-41],[-28,-46],[-24,-48],[-25,-46],[-35,-32],[-53,-6],[-18,-46],[-13,-52],[-5,-52],[4,-50],[15,-50],[15,-49],[5,-51],[-7,-62],[-13,-61],[-13,-29],[-3,-7],[-17,11],[-18,51],[-22,63],[-29,47],[-61,13],[-50,-24],[-26,-46],[-21,-53],[-26,-46],[-41,-26],[-57,-1],[-65,8],[-61,3],[-59,0],[-59,0],[-59,0],[-59,1],[-59,0],[-59,0],[-64,5],[-49,-10],[-17,-49],[-9,-57],[4,-50],[25,-9],[17,-6],[64,4],[2,-44],[-11,-56],[-9,-25]],[[6200,2811],[-118,67],[-115,97],[-114,-77],[-123,39],[-112,51],[-212,-14],[-23,103],[5,105],[-54,158],[-47,78],[-22,103],[-43,183],[-6,69],[28,141]],[[2739,5516],[-12,-175],[-17,-105],[-97,-122],[-122,-135],[16,-184],[-55,-131],[37,-125],[-61,-62]],[[2428,4477],[-86,-22],[-77,58],[-61,78],[-94,5],[-92,-17],[-132,-20],[-138,49],[-78,-16],[-46,-96],[7,-80],[-41,-142],[-63,-39],[-61,-73],[-74,-63],[-92,-17],[-58,43],[-11,126],[-32,68],[-60,77],[-118,-31],[-74,-74],[-65,-15],[-271,36]],[[611,4312],[15,26],[58,49],[68,53],[51,63],[24,47],[36,43],[34,41],[27,33],[138,106],[104,132],[223,209],[267,-4],[171,138],[52,250],[57,215],[-21,192]],[[4511,4655],[-29,-81],[18,-63],[17,-63],[34,-63],[17,-62],[0,-79],[-17,-63],[-3,-44],[-92,-76],[-49,-50],[-70,-120],[-29,-129],[-25,-175],[-76,-51],[-133,-9],[-82,30],[-86,64],[-85,52],[-67,8],[-80,-5],[-76,-51],[-58,-97],[-116,-53]],[[3424,3475],[-45,55],[-88,87],[-207,79],[-73,77],[91,29],[88,63],[-7,81],[-148,2],[-149,53],[-94,-22],[-94,6],[-59,66],[-36,102],[-89,110]],[[2514,4263],[-34,79],[18,105],[-70,30]],[[6200,2811],[-11,-28],[-38,-25],[-58,0],[-6,-46],[5,-54],[3,-54],[-33,-28],[-34,-41],[-33,-42],[-34,-42],[-35,-41],[-35,-41],[-36,-42],[-37,-40],[-39,-36],[-62,-5],[-8,-33],[14,-50],[17,-53],[8,-51],[-1,-48],[0,-5],[-6,-52],[-11,-48],[-46,-7],[-12,48],[-7,54],[-11,50],[-37,23],[-64,-4],[-59,0],[-29,-23],[11,-54],[9,-54],[-3,-44],[-57,-1],[-63,2],[-34,40],[-31,46],[-32,45],[-36,38],[-57,9],[-64,-8],[-18,34],[3,51],[7,56],[-3,53],[-10,54],[-15,52],[-23,43],[-42,20],[-65,-6],[-63,-4],[-64,-8],[-59,1],[-43,25],[-34,39],[-29,48],[-25,49],[-22,47],[-15,52],[-13,50],[-20,44],[-59,-1],[-20,46],[-11,56],[-14,50],[-33,33],[-66,9],[-59,-16],[-25,-38],[-12,-51],[-13,-54],[-23,-47],[-32,-42],[-36,-41],[-37,-40],[-33,-42],[-30,-45],[-28,-47],[-30,-43],[-37,-35],[-61,4],[-61,4],[-62,7],[-60,2],[-53,-11],[-45,-28],[-40,-38],[-37,-43],[-37,