{"type":"Topology","transform":{"scale":[0.00013982030036250622,0.00013274016627373106],"translate":[83.50389,19.553438]},"arcs":[[[4838,7413],[206,36],[203,-92],[94,-5],[57,15],[67,39],[77,62],[153,137],[40,95],[17,105],[11,186],[158,68],[82,-18],[95,-29],[201,-68],[126,-143],[27,-68],[16,-68],[7,-104],[-28,-106],[7,-115],[80,-102],[38,-99],[43,-125],[107,-40],[97,-75],[52,-89],[19,-103],[-7,-82],[-17,-93],[53,-101],[119,-39],[64,-100],[-9,-209],[-31,-177],[-31,-36],[36,-1],[57,6],[52,1],[27,-35],[16,-50],[15,-53],[22,-43]],[[7256,5695],[-261,-70],[-92,-17],[-105,5],[-157,94],[-192,104],[-129,27],[-80,-17],[-155,-113],[-90,-52],[-101,-41],[-106,16]],[[5788,5631],[-29,91],[-40,90],[-87,87],[-76,100],[-8,127],[-79,134],[-53,101],[7,81],[95,145],[51,107],[-64,89],[-179,81],[-95,29],[-106,47],[-98,56],[-60,43],[-53,101],[10,197],[-86,76]],[[2160,6159],[77,51],[163,172],[40,107],[-93,179],[26,140],[4,105],[51,107],[75,109],[96,34],[107,48],[104,7],[92,17],[79,28],[78,51],[179,104],[117,-28],[167,-70],[95,-29],[202,-41]],[[3819,7250],[31,-165],[42,-101],[17,-80],[-15,-128],[-20,-60],[-41,-83],[-80,-190],[-37,-153],[7,-104],[41,-90],[110,-86],[143,-60],[105,-5],[112,53],[145,90],[38,130],[92,17],[52,-101],[91,29],[57,26],[157,-106],[105,-5],[81,5],[27,-56],[-131,-135],[30,-103],[-16,-105],[7,-115],[50,-55],[103,30],[105,-17],[54,-112],[15,-57],[16,-92]],[[5312,5266],[2,-11],[7,-104],[-34,-199],[-29,-83],[-52,-96],[-43,-49]],[[5163,4724],[-74,65],[-109,74],[-106,29],[-102,-41],[-78,-40],[-88,-6],[-201,162],[-105,16],[-93,6],[-83,30]],[[4124,5019],[-110,74],[-155,71],[-71,19],[-199,34],[-199,34],[-216,114],[-105,5],[-81,-5],[-82,6],[-178,70],[-77,111],[-41,102],[-29,91],[-40,78],[-105,179],[-107,51],[-169,106]],[[3819,7250],[90,1],[102,41],[182,58],[159,44],[118,-27],[108,-51],[102,29],[158,68]],[[5788,5631],[-226,-83],[-89,-64],[-85,-109],[-76,-109]],[[4124,5019],[-41,-95],[-73,-121],[-51,-107],[-43,-49],[-178,-127],[-87,-6],[-180,24],[-102,-41],[-100,-75],[-51,-108],[-23,-175],[-17,-94],[-117,-169],[-16,-105],[-14,-140],[-70,-178],[-27,-117]],[[2934,3336],[-114,-30],[-109,-100],[-51,-119]],[[2660,3087],[-103,-42],[-110,-64]],[[2447,2981],[-87,88],[-41,90],[-80,168],[-101,121],[-30,103],[-99,109],[-52,78],[-352,267]],[[1605,4005],[9,36],[0,53],[1,53],[11,50],[15,53],[20,48],[26,38],[48,4],[57,-10],[38,24],[29,42],[23,49],[15,50],[6,49],[-6,52],[-14,51],[-23,44],[-29,41],[-35,39],[-38,37],[-41,31],[-43,22],[-59,-8],[-46,2],[-18,40],[-7,54],[2,56],[14,47],[29,43],[34,41],[27,43],[11,47],[5,49],[1,51],[-2,51],[-4,52],[-7,51],[-9,50],[-11,49],[-11,50],[-11,50],[-12,51],[-13,50],[-14,50],[-16,50],[-17,47],[-20,46],[-22,44],[-24,42],[-30,37],[-38,30],[-19,12],[85,71],[101,52],[376,-69],[211,-33]],[[7256,5695],[50,-1],[57,6],[54,4],[23,-32],[8,-50],[0,-57],[-14,-42],[-13,-40],[-11,-51],[-10,-52],[-9,-52],[-8,-51],[-5,-49],[-3,-46],[47,-2],[28,-37],[26,-43],[24,-43],[24,-46],[24,-45],[23,-46],[24,-46],[25,-44],[25,-44],[26,-43],[27,-44],[26,-43],[-74,11],[-54,4],[-46,-5],[-30,-24],[-4,-50],[3,-61],[-7,-48],[-50,-1],[-53,3],[-51,0],[-55,2],[-21,-43],[-21,-50],[-21,-46],[-28,-38],[-54,-9],[-44,23],[-30,38],[-27,45],[-27,45],[-31,41],[-36,37],[-38,37],[-38,35],[-35,35],[-1,25],[-3,48],[0,56],[-9,49],[-28,30],[-61,0],[-40,-26],[-30,-41],[-25,-49],[-16,-50],[-2,-47],[12,-50],[20,-49],[22,-48],[7,-10]],[[6698,4475],[-120,65],[-218,143]],[[6360,4683],[-88,99],[-93,191],[-129,200],[-85,53],[-94,17],[-102,-30],[-173,-10],[-284,63]],[[6360,4683],[-4,-116],[-110,-100],[-103,-191],[-199,-151],[-87,-87],[-72,-143]],[[5785,3895],[-121,85],[-52,78],[-53,101],[-185,-12],[-109,86],[-153,25],[-83,30],[-108,62]],[[4921,4350],[-30,103],[28,106],[52,84],[192,81]],[[4921,4350],[-72,-154],[-39,-107],[41,-102],[75,-76],[63,-77],[40,-79],[29,-91],[17,-80],[6,-103],[-39,-107]],[[5042,3374],[-69,-16],[-93,6],[-94,17],[-106,28],[-104,-6],[-95,40],[-103,-29],[-61,54],[-41,102],[-84,41],[-91,-29],[-132,-113],[-100,-64],[-85,-121],[19,-114],[-41,-84],[-172,-34],[-198,23],[-108,51],[-161,152],[-84,41],[-105,17]],[[6698,4475],[16,-20],[11,-52],[5,-52],[-11,-47],[-22,-44],[-27,-43],[-29,-43],[-31,-42],[-31,-42],[-28,-43],[-25,-43],[-18,-45],[-5,-49],[8,-52],[14,-51],[18,-48],[28,-48],[27,-46],[16,-40],[-48,-2],[-53,5],[-56,7],[-46,-7],[-31,-33],[-19,-50],[-19,-52],[-26,-41],[-46,-8],[-55,8],[-55,6],[-52,3],[-40,-24],[-38,-37],[-33,-44],[-7,-13]],[[5990,3343],[-151,254],[17,94],[29,94],[-29,91],[-71,19]],[[5990,3343],[-17,-33],[-10,-45],[7,-53],[21,-54],[30,-41],[40,-18],[54,2],[59,10],[54,4],[39,-13],[13,-46],[1,-61],[8,-51],[33,-22],[52,1],[58,8],[52,1],[51,0],[51,0],[51,-1],[57,6],[57,6],[49,-2],[32,-22],[14,-45],[1,-58],[-7,-55],[-17,-46],[-28,-44],[-28,-44],[-17,-46],[-2,-49],[7,-51],[5,-23],[5,-28],[9,-50],[12,-49],[11,-49],[6,-50],[0,-5],[-1,-47],[-5,-52],[-9,-49],[-40,-14],[-50,1],[-51,0],[-51,1],[-53,-4],[-53,-6],[-49,7],[-40,26],[-35,38],[-34,41],[-34,40],[-38,31],[-47,9],[-54,-6],[-52,-1],[-51,0],[-51,0],[-51,0],[-34,21],[-8,49],[-8,52],[-12,49],[-18,48],[-21,48],[-25,45],[-27,38],[-52,-5],[-29,-39],[-27,-43],[-25,-46],[-24,-45],[-21,-50],[-18,-53],[-23,-45],[-34,-26],[-45,-9],[-52,1],[-55,6],[-54,6],[-53,2],[-52,6],[-53,4],[-49,-5],[-47,-18],[-57,-33],[-37,-25],[-45,-34],[-39,-32],[-31,-28],[25,-5],[48,-17],[26,-52],[19,-57],[0,-43],[-27,-18],[-53,2],[-62,8],[-24,2]],[[4831,1901],[-37,115],[-9,200],[22,125],[20,59],[81,178],[97,111],[40,95],[14,151],[-5,81],[-17,80],[-7,104],[28,106],[-16,68]],[[2447,2981],[65,-111],[63,-77],[-70,-167],[-28,-106],[-30,-71],[-102,-41],[-82,-167],[-91,-29],[-58,8],[-91,-29],[-111,-88],[-72,42],[16,105],[-121,85],[-99,-87],[-67,-39],[-114,-18],[-41,-84],[116,-190],[42,-101],[10,-162],[-19,-70],[-100,-64],[-57,-15],[-185,-12],[-80,-16],[-263,-148]],[[878,1329],[-4,11],[-19,50],[-17,49],[-16,48],[-12,47],[-9,41],[53,0],[8,46],[2,53],[-6,53],[-13,48],[-20,47],[-25,45],[-27,43],[-28,43],[-29,44],[-31,42],[-35,36],[-39,25],[-51,0],[-54,-6],[-54,-5],[-55,-6],[-49,3],[-39,24],[-31,42],[-26,50],[-20,48],[22,14],[32,37],[30,42],[27,44],[20,46],[16,49],[15,50],[12,51],[11,52],[9,50],[7,49],[4,46],[-43,3],[-36,34],[-30,44],[-29,45],[-32,38],[-40,23],[-50,4],[-54,-6],[-53,-5],[-54,-5],[-16,-1],[4,72],[4,52],[7,47],[40,13],[8,49],[3,55],[13,49],[17,20],[14,15],[43,28],[49,24],[50,23],[47,25],[38,31],[24,38],[11,47],[2,51],[-2,55],[-2,55],[1,52],[9,48],[22,42],[32,38],[40,34],[45,30],[47,26],[47,21],[47,11],[51,0],[53,-5],[52,-5],[55,5],[52,1],[28,-35],[14,-52],[14,-54],[24,-39],[44,-11],[56,7],[54,3],[52,-4],[54,-6],[52,-2],[49,4],[45,16],[45,24],[44,31],[40,35],[35,38],[29,39],[3,10]],[[4831,1901],[-32,2],[-61,8],[-27,-19],[10,-50],[20,-57],[9,-49],[-38,-8],[-54,-1],[-24,-44],[-18,-55],[-9,-51],[19,-24],[54,-1],[21,-43],[14,-50],[11,-53],[4,-51],[-6,-57],[-5,-54],[12,-37],[43,-8],[59,7],[54,3],[51,0],[71,0],[-5,-26],[-15,-48],[-19,-50],[-14,-50],[-9,-51],[-6,-51],[-3,-50],[25,-29],[30,-42],[29,-45],[31,-41],[35,-32],[48,-11],[59,11],[49,0],[26,-31],[12,-50],[4,-57],[1,-53],[-4,-50],[-8,-50],[-6,-50],[3,-50],[9,-51],[6,-50],[-4,-50],[-16,-61],[-16,-45],[-5,-12],[-23,-34],[-23,6],[-24,41],[-26,57],[-29,52],[-42,18],[-53,-3],[-51,0],[-51,0],[-51,1],[-51,0],[-51,0],[-51,0],[-55,-4],[-56,-6],[-33,22],[-14,45],[-5,55],[-6,54],[-7,53],[-5,55],[-11,49],[-24,32],[-53,-3],[-56,-4],[-51,0],[-51,0],[-51,0],[-51,0],[-51,1],[-51,0],[-51,0],[-51,0],[-51,1],[-51,0],[-52,0],[-51,0],[-52,4],[-54,6],[-52,3],[-48,-8],[-39,-29],[-34,-46],[-32,-51],[-32,-38],[-37,-12],[-40,12],[-42,24],[-43,33],[-43,37],[-44,36],[-24,23]],[[3166,516],[163,26],[87,11],[68,27],[66,50],[76,75],[52,95],[-7,104],[-82,192],[-52,89],[5,105],[119,135],[-7,103],[-53,101],[40,107],[121,100],[5,104],[12,175],[-12,184],[91,203],[-30,102],[-27,56],[-105,17],[-103,-30],[-105,17],[-104,-6],[-186,11],[-119,39],[-95,40],[-61,43],[-49,43],[-76,100],[-138,153]],[[3166,516],[22,30],[23,29],[4,51],[3,53],[15,41],[42,5],[-8,49],[-14,53],[-20,48],[-35,22],[-154,-24],[-64,-1],[-51,0],[-51,0],[-51,0],[-51,1],[-51,0],[-51,0],[-51,