{"type":"Topology","transform":{"scale":[0.00019837211113996352,0.00015483583884545952],"translate":[86.288345,20.298639000000005]},"arcs":[[[2829,2965],[21,-336],[-85,-255],[-28,-81],[-82,-155],[-36,-92],[-44,-46]],[[2575,2000],[-61,28],[-54,85],[-76,44],[-101,72],[-58,5],[-64,-3],[-50,5],[-92,23],[-58,25],[-68,45],[-77,-86],[-74,163],[-58,16],[-64,-25],[-71,-55],[-48,-23],[-73,4],[-68,35],[-43,46]],[[1317,2404],[35,112],[78,65],[55,54],[19,91],[-29,87],[71,55],[72,15],[48,24],[44,102],[61,317],[17,-19],[29,-24],[32,-14],[37,4],[39,7],[35,-2],[26,-24],[21,-39],[19,-42],[22,-35],[29,-17],[33,-7],[9,-1],[26,-1],[37,1],[38,4],[37,4],[37,3],[38,2],[38,5],[27,-20],[20,-38],[17,-43],[20,-37],[26,-22],[33,-8],[36,0],[38,4],[38,5],[37,2],[36,0],[36,-1],[39,-6],[38,-4],[18,2]],[[2829,2965],[16,2],[27,21],[20,33],[18,41],[20,39],[23,33],[26,32],[27,32],[27,29],[30,24],[31,18],[34,11],[38,6],[38,-1],[37,-8],[31,-14],[26,-27],[23,-36],[22,-38],[23,-34],[31,-14],[46,8],[23,-91],[37,14],[21,-5],[22,-5],[50,-62],[57,-209],[5,-31],[-8,-36],[-18,-22],[-35,-11],[-29,-74],[39,8],[-15,-27],[11,-22],[84,-4],[25,-19],[26,7],[39,31],[23,47],[17,15],[34,2],[-1,-13],[-73,-83],[-62,-51],[-88,-90],[-57,-46],[-289,-233],[-268,-229],[-72,-66],[-307,-280],[-151,-175],[-77,-31],[-3,-13],[10,-9],[26,-5],[-52,-77],[-53,-119],[-12,-3],[-1,-1]],[[2321,1104],[-156,-35],[-74,-6]],[[2091,1063],[60,104],[53,74],[12,90],[-37,86],[-44,56],[-73,-15],[-62,-64],[-42,26],[-12,79],[70,65],[37,72],[-75,100]],[[1978,1736],[89,90],[69,94],[78,56],[73,15],[126,-60],[58,-15],[55,34],[49,50]],[[1978,1736],[-63,28],[-73,-5],[-71,-55],[-89,-60],[17,-92],[-29,-66],[-41,73],[-34,87],[-178,101]],[[1417,1747],[-42,185],[-117,41],[-74,4],[-63,-34],[-117,-108],[-118,-79],[-64,-34],[-74,14],[-40,-10]],[[708,1726],[-63,87],[-58,99],[0,73],[-141,78]],[[446,2063],[6,18],[-78,73],[19,101],[63,54],[75,-24],[67,-44],[59,-26],[49,-6],[56,34],[92,106],[72,35],[65,5],[66,-14],[66,-5],[65,5],[129,29]],[[708,1726],[-17,-4],[-52,-94],[-28,-91],[5,-79],[43,-56],[73,15],[43,-36],[-28,-92],[-133,-99],[-75,14],[-57,-4],[-44,-83],[-73,-15],[-29,-82],[145,-98],[54,-105]],[[535,817],[-21,-51],[-65,-15],[-65,6],[-46,-74],[-1,-129]],[[337,554],[-67,-2],[-59,62],[-67,24],[-41,7]],[[103,645],[-13,89],[-4,79],[-12,78],[-3,59],[-6,109],[36,92],[-33,156],[12,81],[80,175],[52,113],[106,156],[35,102],[70,65],[23,64]],[[1417,1747],[-46,-43],[-4,-90],[-24,-151],[-29,-81],[-36,-82],[-45,-83],[-36,-82],[-61,-243],[3,-59],[65,5],[62,64],[64,24],[42,-6],[67,-45],[90,-152]],[[1529,723],[-22,-87],[-18,-75]],[[1489,561],[-74,5],[-51,35],[-69,75],[-66,5],[-73,-16],[-84,43],[-72,-25],[-61,-74],[-60,45],[-74,5],[-70,93],[-59,26],[-74,14],[-67,25]],[[2091,1063],[-63,-44],[-71,-35],[-61,-84],[-67,34],[-68,45],[-56,-34],[-44,-93],[-132,-129]],[[2321,1104],[-30,-25],[-19,-41],[-16,-67],[9,-136],[16,-66],[-62,-141],[-30,-15],[10,-16],[32,-14],[1,-12],[-35,-29],[6,-12],[57,2],[10,15],[13,-15],[1,-35],[-15,-26],[-35,-20],[-18,-28],[3,-19],[44,24],[21,-17],[41,34],[18,75],[69,61],[23,32],[36,25],[17,-4],[11,-80],[-4,-25],[-57,-47],[-10,-17],[5,-36],[52,41],[22,8],[1,-6],[-33,-112],[-20,-28],[-53,-45],[-11,-26],[5,-24],[18,-2],[164,176],[17,28],[22,129],[-12,38],[-3,11],[17,7],[17,-22],[13,-38],[-2,-43],[-30,-100],[-201,-242],[-161,-100],[-83,-75],[-25,-4],[-29,27],[-32,-12],[-30,2],[-14,10],[-12,21],[5,42],[-18,33],[-10,3],[-6,-10],[-98,40],[-58,15],[-132,13],[-72,-18],[-153,-51],[-64,-15],[-66,5],[-66,15],[-159,67]],[[1133,187],[3,90],[53,83],[64,35],[65,-5],[124,-31],[73,26],[54,53],[-30,97],[-50,26]],[[1133,187],[-13,-70],[-71,-45],[-73,-6],[-4,79],[-52,73],[8,99],[-41,30],[-57,6],[-64,-25],[-64,-35],[-75,25]],[[627,318],[36,92],[69,84],[-3,60],[-115,11],[-70,-65],[-57,-4],[-21,87],[-59,26],[-70,-55]],[[627,318],[-73,-6],[-66,5],[-130,-10],[-131,10],[-154,-31],[-73,-6],[70,196],[13,88],[20,81]]],"objects":{"layer1":{"type":"GeometryCollection","geometries":[{"arcs":[[0,1,2]],"type":"Polygon","properties":{"ID_":"IND021021608","NAME1_":"Rajkanika","AreaLevel":4,"AreaGId":0,"Parent_Are":"IND0210216"}},{"arcs":[[3,4,5,6,-1]],"type":"Polygon","properties":{"ID_":"IND021021609","NAME1_":"Rajnagar","AreaLevel":4,"AreaGId":0,"Parent_Are":"IND0210216"}},{"arcs":[[-2,-7,7,8,9,10]],"type":"Polygon","properties":{"ID_":"IND021021601","NAME1_":"Aul","AreaLevel":4,"AreaGId":0,"Parent_Are":"IND0210216"}},{"arcs":[[-10,11,12,13,14]],"type":"Polygon","properties":{"ID_":"IND021021602","NAME1_":"Derabis","AreaLevel":4,"AreaGId":0,"Parent_Are":"IND0210216"}},{"arcs":[[-9,15,16,17,-12]],"type":"Polygon","properties":{"ID_":"IND021021604","NAME1_":"Kendrapara","AreaLevel":4,"AreaGId":0,"Parent_Are":"IND0210216"}},{"arcs":[[-8,-6,18,-16]],"type":"Polygon","properties":{"ID_":"IND021021607","NAME1_":"Pattamundai","AreaLevel":4,"AreaGId":0,"Parent_Are":"IND0210216"}},{"arcs":[[-5,19,20,-17,-19]],"type":"Polygon","properties":{"ID_":"IND021021605","NAME1_":"Mahakalpara","AreaLevel":4,"AreaGId":0,"Parent_Are":"IND0210216"}},{"arcs":[[-18,-21,21,22,-13]],"type":"Polygon","properties":{"ID_":"IND021021606","NAME1_":"Marsaghai","AreaLevel":4,"AreaGId":0,"Parent_Are":"IND0210216"}},{"arcs":[[-14,-23,23]],"type":"Polygon","properties":{"ID_":"IND021021603","NAME1_":"Garadpur","AreaLevel":4,"AreaGId":0,"Parent_Are":"IND0210216"}}]}}}