{"type":"Topology","transform":{"scale":[0.00013142732166891025,0.0001325238679455718],"translate":[85.181106,20.991949]},"arcs":[[[2878,8403],[127,-231],[75,-124],[57,-112],[12,-174],[-62,-177],[-91,-116],[-24,-192],[20,-104],[84,-145],[43,-91],[37,-171]],[[3156,6766],[-87,6],[-99,-6],[-99,6],[-110,-6],[-112,-44],[-200,-90],[-96,-41],[-43,-84],[-18,-105],[8,-104],[-43,-95],[-91,-110],[-174,-161]],[[1992,5932],[-98,-17],[-97,-29],[-120,-42]],[[1677,5844],[-176,48],[-106,110],[-242,143]],[[1153,6145],[39,40],[30,44],[19,45],[9,48],[2,51],[-1,52],[-3,52],[-1,52],[4,50],[13,48],[29,43],[35,41],[31,42],[17,47],[13,52],[12,55],[10,55],[5,53],[1,49],[-4,44],[-20,28],[-59,-8],[-65,-6],[-45,25],[-42,33],[-39,38],[-40,37],[-42,32],[-47,19],[-53,4],[-56,-6],[-56,-3],[-55,0],[-54,0],[-55,-1],[-58,-7],[-56,-3],[-50,9],[-44,24],[-43,34],[-39,41],[-31,43],[-21,44],[-2,48],[11,52],[19,120],[14,83],[70,99],[58,150],[74,141],[77,98],[131,141],[184,153],[235,77],[198,69],[19,88],[100,131],[205,31],[290,-255],[391,-76],[179,-87],[119,-79],[141,-63],[22,-3]],[[2878,8403],[183,-22],[207,-39],[179,15],[181,-21],[93,-132],[79,-164],[-28,-26],[-19,-37],[-51,-4],[-25,-45],[-20,-51],[-8,-51],[9,-47],[22,-49],[31,-46],[37,-38],[48,-17],[67,11],[31,-13],[-14,-47],[-29,-57],[-17,-50],[22,-22],[62,5],[62,5],[57,7],[55,0],[44,-21],[38,-34],[34,-41],[34,-42],[36,-39],[40,-35],[45,-32],[44,-32],[41,-34],[33,-37],[19,-43],[3,-51],[-2,-54],[6,-37]],[[4507,6936],[-91,-27],[-97,-18],[-111,-6],[-102,52],[-33,-60],[-17,-105],[-60,-27],[-132,-54],[-61,-15],[-110,-7],[-103,64],[-108,-53],[-111,5],[-215,81]],[[4507,6936],[2,-13],[15,-49],[17,-48],[16,-48],[12,-49],[11,-50],[11,-49],[11,-49],[11,-50],[11,-49],[10,-50],[10,-50],[10,-49],[9,-50],[7,-38],[3,-68],[0,-55],[10,-43]],[[4683,6079],[-93,-76],[-105,-99],[-54,-107],[-57,-73],[-91,-98],[-78,-121],[-71,-50],[-72,-28],[-98,-17],[-110,-7]],[[3854,5403],[-30,68],[56,96],[42,95],[21,60],[6,93],[-70,112],[-113,39],[-109,-29],[-110,156],[-98,-6],[-105,-87],[-73,-16],[-109,23],[-207,86],[-101,40],[-126,28],[-131,-66],[-42,-107],[32,-102],[124,-190],[56,-89],[30,-80],[17,-68],[-54,-108],[-108,-53],[-115,63],[-20,103],[-43,91],[-111,5],[-108,-53],[-101,41],[-56,101],[-65,216],[-41,67]],[[1677,5844],[86,-169],[92,-272],[33,-115],[72,-146],[17,-69],[6,-92],[-7,-82],[44,-90],[225,-45],[163,-37],[100,-28],[150,-26],[113,-29],[269,-135],[134,-166],[57,-101],[169,-129],[205,-116],[114,-39],[102,-52]],[[3821,3906],[-43,-96],[-44,-72],[-91,-109],[-15,-140],[-21,-60],[-37,-176],[-30,-94]],[[3540,3159],[-33,-60],[-60,-212],[-32,-72],[-56,-73],[-174,-161],[-80,-97]],[[3105,2484],[-115,51],[-35,161],[-127,50],[-110,-18],[-114,51],[-126,213],[-32,103],[-99,114],[-86,61],[-55,89],[5,105],[-56,101],[-103,52],[-78,-109],[-61,-201],[-107,-52],[-53,54],[-41,56],[-106,-76],[-60,-26],[-467,326]],[[1079,3589],[29,31],[24,41],[5,46],[-12,51],[-19,51],[-19,48],[-21,47],[-24,46],[-28,43],[-33,41],[-38,37],[-40,35],[-38,37],[-30,40],[-19,47],[-10,50],[-5,52],[0,50],[12,52],[11,51],[-7,47],[-20,45],[-25,44],[-28,43],[-30,43],[-31,43],[-31,42],[-30,44],[-28,43],[-23,48],[-21,49],[-23,46],[-32,33],[-56,-2],[-59,-6],[-58,-5],[-38,26],[-27,55],[-22,59],[-21,38],[-21,-6],[-18,-46],[-19,-62],[-23,-52],[-52,-2],[-59,6],[-22,-5],[2,50],[0,53],[0,53],[1,53],[3,50],[6,48],[11,42],[61,-8],[33,33],[27,47],[19,50],[7,49],[-14,47],[-28,46],[-25,47],[-7,49],[2,49],[6,50],[9,50],[11,51],[11,50],[12,50],[11,51],[4,23],[8,40],[14,57],[22,30],[28,-12],[33,-39],[37,-50],[40,-48],[43,-29],[55,-13],[61,-3],[55,9],[39,25],[20,56],[13,63],[20,38],[34,-6],[38,-28],[41,-41],[44,-44],[45,-37],[48,-23],[56,-11],[58,2],[51,14],[45,25],[43,34]],[[3854,5403],[-54,-119],[8,-115],[111,-168],[127,-62],[111,7],[111,-5],[145,-131],[105,-98],[203,-81],[89,-30],[166,-94],[79,-65],[106,-110],[-24,-108]],[[5137,4224],[-138,-52],[-206,112],[9,73],[-6,81],[-104,75],[-95,-52],[-17,-105],[19,-103],[-58,-50],[-116,58],[-103,-106],[7,-104],[20,-103],[-104,-110],[-110,-7],[-57,113],[-42,67],[-122,-19],[-93,-86]],[[4683,6079],[38,-18],[61,7],[58,4],[57,6],[44,-1],[10,-1],[45,-22],[42,-33],[39,-37],[40,-38],[42,-32],[46,-22]],[[5205,5892],[-290,-311],[-31,-94],[57,-101],[4,-70],[-8,-58],[92,-87],[112,-6],[28,-56],[8,-115],[139,-50],[103,-52],[7,-104],[30,-80],[126,-212],[117,-79],[131,58],[82,63],[117,-86],[7,-104],[42,-79],[117,-107]],[[6195,4162],[-7,-21],[4,-51],[19,-53],[30,-45],[36,-35],[41,-34],[45,-31],[47,-28],[49,-25],[44,-18],[17,0],[40,-5],[41,-4],[43,2]],[[6644,3814],[-80,-154],[-67,-97],[-120,-53],[-162,-149]],[[6215,3361],[-130,97],[-116,75],[-92,75],[-197,174],[-225,231],[-109,-41],[-69,-62],[-69,100],[-29,56],[-42,158]],[[5205,5892],[56,2],[60,11],[54,1],[39,-26],[32,-39],[28,-45],[25,-50],[25,-50],[26,-49],[28,-44],[33,-36],[40,-26],[46,-13],[53,-3],[56,3],[59,7],[59,8],[57,4],[55,-1],[56,0],[56,0],[55,0],[53,-1],[20,-1],[-2,-49],[2,-59],[2,-61],[4,-60],[6,-52],[9,-41],[12,-24],[18,16],[26,54],[32,62],[38,43],[53,15],[61,-3],[43,-23],[29,-39],[22,-49],[20,-51],[22,-47],[24,-46],[22,-47],[15,-48],[5,-49],[-4,-51],[-10,-51],[-13,-49],[-15,-48],[-20,-48],[-25,-45],[-29,-42],[-30,-42],[-32,-41],[-33,-40],[-33,-40],[-34,-40],[-34,-40],[-34,-39],[-34,-39],[-39,-38],[-44,-36],[-41,-36],[-32,-38],[-8,-21]],[[6215,3361],[44,-101],[5,-70],[-19,-93],[-51,-154],[-13,-111],[65,-95],[-75,-178],[-88,-144],[-111,-7],[-107,-53],[-96,-40]],[[5769,2315],[-215,69],[-80,88],[-19,103],[-142,84],[-145,-43],[-97,-17],[-86,-5],[-112,16],[-99,6],[-107,24],[-92,-1],[-116,63],[-55,90],[8,58],[-134,155],[-203,-93],[-113,28],[-203,81],[-219,138]],[[6644,3814],[27,2],[55,0],[50,-15],[48,-21],[47,-26],[46,-28],[45,-30],[44,-31],[44,-30],[46,-31],[49,-32],[45,-34],[37,-36],[24,-38],[0,-42],[-25,-47],[-31,-49],[-22,-49],[-16,-48],[-13,-50],[-13,-50],[-13,-50],[-15,-48],[-19,-47],[-23,-44],[-31,-39],[-40,-35],[-43,-33],[-42,-34],[-37,-37],[-35,-41],[-33,-43],[-26,-45],[-12,-45],[7,-48],[19,-50],[23,-48],[21,-47],[21,-47],[25,-46],[27,-43],[32,-44],[35,-50],[38,-46],[38,-32],[37,-9],[40,25],[42,47],[41,52],[37,39],[29,5],[15,-38],[9,-61],[16,-59],[30,-45],[37,-48],[41,-44],[41,-34],[40,-15],[49,7],[7,21],[19,17],[36,46],[36,50],[35,42],[36,39],[36,40],[14,20]],[[7771,2184],[88,-129],[123,-167],[87,-192],[5,-70],[-18,-105],[18,-80],[-30,-106],[-174,24],[-94,-8],[-22,-103],[-5,-104],[-18,-94],[19,-103],[41,-56]],[[7791,891],[-268,-39],[-86,-16],[-216,91],[-114,52],[-33,114],[-68,88],[56,85],[113,-28],[73,16],[31,83],[-56,101],[-32,102],[18,105],[-45,114],[-164,48],[-114,52],[-110,-19],[-91,-109],[-179,-92],[-60,-15],[-87,7],[-100,17],[-113,28]],[[6146,1676],[-79,65],[-19,103],[26,164],[-20,103],[-168,118],[-117,86]],[[3105,2484],[50,-194],[115,-51],[67,-78],[69,-100],[113,-40],[109,30],[110,18],[113,-190],[6,-105],[19,-91],[89,-42],[153,102],[112,-16],[32,-103],[-42,-107],[56,-89],[16,-57],[-18,-106],[-167,-215]],[[4107,1050],[-26,45],[-25,46],[-27,44],[-33,38],[-39,38],[-43,39],[-45,38],[-46,31],[-46,22],[-46,7],[-45,-10],[-45,-24],[-46,-32],[-46,-36],[-46,-34],[-48,-28],[-51,-13],[-59,8],[-56,5],[-39,-24],[-27,-46],[-22,-53],[-28,-44],[-41,-23],[-55,-10],[-60,0],[-57,10],[-45,22],[-38,48],[-32,58],[-31,45],[-31,12],[-32,-21],[-30,-32],[-29,-40],[-30,-47],[-30,-50],[-31,-51],[-33,-48],[-34,-43],[-38,-38],[-44,-43],[-48,-42],[-48,-36],[-47,-24],[-41,-6],[-34,16],[-29,30],[-28,41],[-25,48],[-25,52],[-25,54],[-27,51],[-30,47],[-34,39],[-38,35],[-23,19],[-18,14],[-43,33],[-42,32],[-28,12],[-12,22],[-40,34],[-41,34],[-40,34],[-40,34],[-39,35],[-40,35],[-42,35],[-41,34],[-42,35],[-40,35],[-39,36],[-37,36],[-34,38],[-31,39],[-14,47],[13,61],[8,53],[-26,26],[-44,9],[-53,2],[-58,-4],[-61,-5],[-60,-5],[-56,-2],[-57,-5],[-57,-5],[-53,2],[-47,19],[-46,31],[-43,39],[-36,42],[-21,43],[-1,44],[20,47],[34,48],[37,41],[37,36],[41,35],[43,32],[46,30],[46,26],[49,19],[65,-10],[47,3],[10,41],[2,49],[-3,53],[-5,56],[-5,55],[-1,52],[5,45],[65,-7],[6,34],[-7,47],[-10,52],[-13,52],[-17,53],[-21,49],[-25,45],[-30,39],[-39,33],[-44,29],[-49,26],[-51,23],[-34,26],