{"type":"Topology","transform":{"scale":[0.0001562555555555563,0.0001437359776341078],"translate":[84.973991,19.597299]},"arcs":[[[4498,5082],[29,5],[16,41],[12,46],[11,48],[13,45],[14,44],[13,44],[13,45],[7,49],[6,50],[10,43],[25,25],[52,-7],[48,-5],[47,-4],[39,18],[29,32],[104,-16],[19,-34],[49,-12],[55,4],[32,21],[4,43],[-8,55],[-1,55],[18,-1],[15,6],[51,-5],[45,0],[46,-1],[46,0],[46,0],[54,7],[28,-15],[-4,-41],[-13,-49],[-14,-50],[-10,-46],[-9,-45],[-9,-46],[-9,-45],[-8,-47],[-9,-47],[-10,-44],[-24,-28],[-17,-47],[-12,-47],[1,-44],[18,-41],[26,-40],[34,-37],[37,-31],[38,-20],[42,-7],[47,2],[49,6],[46,2],[46,0],[46,0],[46,-1],[14,-1],[37,-3]],[[5864,4911],[92,-283],[6,-85],[-56,-110],[-36,-88],[48,-93]],[[5918,4252],[-118,-115],[-32,-141],[-5,-86],[-16,-75],[-189,-141],[-82,-5],[-64,17]],[[5412,3706],[-37,94],[3,128],[4,97],[46,88],[-56,72],[-116,24],[-38,47],[-81,31],[-95,26],[15,97],[56,100],[-125,163],[-84,16],[-4,-96],[-36,-88],[-96,47],[-106,36],[-86,48],[-43,68]],[[4533,4704],[-18,30],[-14,58],[-7,59],[7,81],[14,73],[-17,77]],[[6647,4129],[-239,-99],[-47,0],[-71,-26],[-47,-25],[-70,51],[-71,-51],[-71,-26],[-125,50]],[[5906,4003],[-6,34],[15,97],[3,118]],[[5864,4911],[52,-5],[21,18],[-4,42],[-17,50],[-21,48],[-26,39],[-34,36],[-35,35],[-27,36],[-11,40],[8,54],[20,54],[22,27],[5,7],[29,-2],[32,-24],[35,-36],[36,-40],[38,-36],[39,-24],[50,8],[40,-10],[32,-35],[29,-42],[20,-45],[5,-41],[-12,-43],[-25,-44],[-22,-27],[-10,-12],[-33,-29],[-57,7],[-30,-7],[10,-37],[22,-47],[28,-45],[31,-30],[43,-6],[29,-37],[26,-41],[27,-39],[31,-31],[43,-6],[50,8],[36,-19],[28,-35],[24,-41],[24,-42],[25,-40],[28,-38],[27,-37],[26,-38],[23,-40],[18,-43],[15,-44],[15,-44],[5,-9]],[[3922,4752],[4,0],[48,5],[49,5],[47,2],[47,-1],[48,0],[44,12],[7,46],[10,47],[11,45],[20,29],[-3,50],[-3,50],[5,41],[44,1],[48,-2],[46,0],[46,-1],[46,-1],[12,2]],[[4533,4704],[-24,-158],[-26,-87],[-30,-183],[60,-125],[61,-146],[-15,-97],[53,-178],[-17,-55],[-64,-143],[-35,-98],[6,-96],[46,-83],[38,-104]],[[4586,3151],[-81,-27],[-94,-166],[-45,-99],[-14,-119],[-25,-87],[-104,-6],[-71,-16],[-87,-102]],[[4065,2529],[-117,46],[-97,48],[-37,104],[-58,93],[14,108],[-17,105],[-69,103],[-17,106]],[[3667,3242],[67,100],[-16,85],[-16,95],[55,100],[8,53],[-18,92],[81,52],[126,-24],[63,-7],[35,98],[-124,163],[-27,95],[15,97],[6,225],[0,75],[6,68],[5,81],[-11,62]],[[3667,3242],[-93,4],[-90,-59],[-93,-6],[-90,-48],[-9,-108],[41,-83],[-56,-100],[-91,-27],[-93,-6],[-72,-15]],[[3021,2794],[-109,89],[-139,55],[-55,61],[36,88],[161,74],[80,48],[89,70],[26,87],[-58,93],[-87,58]],[[2965,3517],[109,82],[168,129],[-36,83],[-76,59],[-61,-25],[-51,-14],[-93,-6],[-17,99],[36,95],[26,87],[76,111],[-6,86],[-35,11],[-34,43],[-7,66],[-27,59],[-30,10]],[[2907,4492],[12,14],[27,39],[27,43],[28,45],[29,44],[30,41],[32,35],[35,23],[47,-3],[50,-10],[44,5],[33,28],[29,39],[28,41],[30,36],[37,21],[45,2],[6,-1],[42,-6],[47,-2],[49,6],[48,4],[41,-9],[28,-32],[19,-47],[19,-49],[27,-32],[39,-13],[44,-3],[43,1]],[[5412,3706],[-80,-48],[-179,-118],[-50,-25],[-172,96],[-80,-48],[-15,-97],[-31,-173],[-45,-99],[-81,-37],[-93,-6]],[[2965,3517],[-94,16],[-75,27],[-83,176],[-97,58],[-80,-48],[-156,-170],[-133,-42],[-111,-27],[-137,-75],[-121,-66],[-89,-20],[-71,209],[-17,95],[5,86],[25,98],[87,102],[152,63],[133,30],[160,96],[170,107],[71,15],[42,22],[48,15],[33,51],[27,74],[54,58],[76,55],[21,-38],[31,-32],[21,1],[7,0],[28,22],[15,17]],[[6647,4129],[16,-33],[22,-44],[24,-43],[29,-36],[34,-24],[49,-8],[46,17],[-17,-32],[-2,-48],[4,-51],[15,-69],[0,-7],[-1,-23],[11,-49],[19,-38],[32,-19],[47,2],[51,7],[52,6],[21,-28],[8,-47],[3,-49],[-4,-47],[-15,-46],[-22,-44],[-11,-25],[-127,-29],[-84,6],[-97,58],[-103,-7],[-90,-59],[-94,15],[-110,89],[-173,-53],[-97,57],[-13,53],[-15,63],[36,99],[-37,83],[-103,154],[-35,62],[-10,61]],[[4065,2529],[4,-63],[5,-86],[-16,-75],[-39,-86],[-91,2],[-84,16],[-63,18],[-4,-97],[88,-90],[113,-143],[19,-88],[-5,-125],[-16,-86],[-25,-87],[-190,41],[-81,-2],[-84,-9],[-83,-5],[-82,-16],[-82,-5],[-95,15]],[[3254,1558],[-67,81],[-69,114],[-45,50],[-85,27],[-147,22],[-89,-69],[-36,-78],[-15,-97],[-64,-132],[-92,-17],[-84,6],[-62,-4],[-61,-15],[-153,-53]],[[2185,1393],[-38,116],[-27,94],[-52,54],[22,94],[46,99],[16,76]],[[2152,1926],[174,32],[164,32],[83,6],[81,26],[162,75],[101,38],[95,-26],[133,30],[87,102],[-38,115],[-58,93],[-78,251],[-37,94]],[[2185,1393],[-50,-24],[-109,-71],[-83,-16],[-56,-89],[-25,-98],[-28,-55],[-92,-17],[-76,59],[-74,-144],[-36,-87],[-124,-19],[-61,-15],[-24,-108],[-93,-17],[-78,92],[-40,15]],[[1136,799],[-28,39],[-29,39],[-31,35],[-33,27],[-42,11],[-49,-9],[-47,-1],[-35,23],[-31,33],[-28,39],[-26,42],[-33,46],[-6,40],[-14,47],[-16,42],[-33,19],[-50,-6],[-48,-6],[-45,4],[-35,26],[-30,36],[-30,39],[-31,36],[-35,26],[-44,6],[-51,-8],[-48,-5],[-37,13],[-26,33],[-14,31],[-5,14],[-16,48],[-16,46],[-10,50],[-9,49],[-17,38],[-33,16],[-25,-2],[115,62],[82,16],[165,10],[82,16],[62,4],[177,-10],[166,11],[98,81],[117,-35],[171,75],[94,-5],[160,-75],[84,-16],[167,-11],[83,5],[82,16],[82,6],[82,16],[83,5]],[[3254,1558],[-190,-165],[-141,-77],[-165,-51],[-71,-26],[-117,-76],[-142,-205],[-141,-154],[-118,-51],[-164,-77],[-48,-25],[-117,-128],[-71,-52],[-71,-25],[-47,-128],[-23,-77],[-240,-241],[-6,39],[-7,46],[-8,46],[-8,46],[-11,45],[-10,46],[-4,46],[4,46],[7,46],[6,47],[0,55],[0,44],[-6,46],[-19,30],[-52,-9],[-35,23],[-26,37],[-24,41],[-25,41],[-28,38]]],"objects":{"layer1":{"type":"GeometryCollection","geometries":[{"arcs":[[0,1,2,3,4]],"type":"Polygon","properties":{"ID_":"IND021021704","NAME1_":"Bhubaneswar","AreaLevel":4,"AreaGId":0,"Parent_Are":"IND0210217"}},{"arcs":[[5,6,-2,7]],"type":"Polygon","properties":{"ID_":"IND021021701","NAME1_":"Balianta","AreaLevel":4,"AreaGId":0,"Parent_Are":"IND0210217"}},{"arcs":[[8,-5,9,10,11,12]],"type":"Polygon","properties":{"ID_":"IND021021708","NAME1_":"Khurda","AreaLevel":4,"AreaGId":0,"Parent_Are":"IND0210217"}},{"arcs":[[-13,13,14,15,16]],"type":"Polygon","properties":{"ID_":"IND021021703","NAME1_":"Begunia","AreaLevel":4,"AreaGId":0,"Parent_Are":"IND0210217"}},{"arcs":[[-4,17,-10]],"type":"Polygon","properties":{"ID_":"IND021021707","NAME1_":"Jatni","AreaLevel":4,"AreaGId":0,"Parent_Are":"IND0210217"}},{"arcs":[[-16,18]],"type":"Polygon","properties":{"ID_":"IND021021705","NAME1_":"Bolgarh","AreaLevel":4,"AreaGId":0,"Parent_Are":"IND0210217"}},{"arcs":[[-6,19]],"type":"Polygon","properties":{"ID_":"IND021021709","NAME1_":"Ralipatna","AreaLevel":4,"AreaGId":0,"Parent_Are":"IND0210217"}},{"arcs":[[-14,-12,20,21,22,23]],"type":"Polygon","properties":{"ID_":"IND021021710","NAME1_":"Tangi","AreaLevel":4,"AreaGId":0,"Parent_Are":"IND0210217"}},{"arcs":[[-23,24,25]],"type":"Polygon","properties":{"ID_":"IND021021702","NAME1_":"Banpur","AreaLevel":4,"AreaGId":0,"Parent_Are":"IND0210217"}},{"arcs":[[-22,26,-25]],"type":"Polygon","properties":{"ID_":"IND021021706","NAME1_":"Chilka","AreaLevel":4,"AreaGId":0,"Parent_Are":"IND0210217"}}]}}}