{"type":"Topology","transform":{"scale":[0.00021859432528289146,0.00021144539982803054],"translate":[82.109481,18.241533]},"arcs":[[[1599,4303],[-7,-95],[35,-70],[18,-49],[19,-42],[7,-188],[-34,-39],[-33,-60],[27,-64]],[[1631,3696],[-48,-46],[-58,-19],[-34,-32],[-34,-38],[-20,-38]],[[1437,3523],[-80,-13],[-51,-11],[-77,38],[-10,36],[-40,40],[-53,11],[-43,-10],[-65,-26],[-52,3],[-43,-17],[-49,-33],[-70,-48],[-56,-41],[-51,-41]],[[697,3411],[2,31],[18,158],[-30,119],[-76,57],[-57,104],[52,85],[-47,160],[-114,11],[-76,31],[6,106],[56,68],[-34,141],[-35,132],[-2,38],[68,-19],[90,-23],[54,-25],[52,-11],[46,-11],[53,-25],[53,-18],[46,-19],[54,-25],[75,-16],[45,-4],[45,-4],[45,-12],[51,4],[68,-17],[52,-3],[54,-26],[144,-40],[45,-19],[99,-36]],[[1599,4303],[39,-19],[94,21],[34,39],[34,39],[42,39],[64,26],[68,-17],[47,-26],[53,-17],[46,-19],[43,10],[53,-10],[52,-11],[62,-39],[42,-55],[55,-40],[50,-21],[53,29],[37,89],[80,13],[68,-17],[77,-38],[69,-31],[50,-76],[27,-63]],[[2938,4109],[-2,-59],[4,-57],[-20,-125],[-6,-116],[4,-51],[-17,-66],[-18,-52],[-54,-69],[-35,-32],[-113,-66],[-63,-41]],[[2618,3375],[-84,23],[-37,5],[-67,2],[-81,2],[-74,96],[-77,38],[-66,-5],[-76,-8],[-49,-8],[-18,-52],[-4,-44],[-36,-17],[-53,26],[-18,42],[-29,85],[-69,24],[-61,32],[-41,48],[-47,32]],[[4362,3782],[75,-118],[5,-64],[-18,-52],[-43,-18],[-76,31],[-20,-132],[-46,-69],[-64,-40],[-78,-42],[-39,-68],[-80,-122],[-56,-33],[-73,-20],[-67,10],[-72,-27],[-55,-47],[-50,-33],[35,-62],[62,-39],[106,-29],[41,-62],[-9,-66],[20,-71],[26,-57]],[[3886,2552],[-64,-127],[-55,-48],[-43,-25],[-87,-20],[-52,3],[-60,11],[-142,18]],[[3383,2364],[-1,46],[-40,87],[6,37],[35,76],[15,79],[-22,75],[-66,66],[-44,-3],[-117,-110],[-70,46],[-20,64],[19,38],[67,99],[-5,64],[-48,40],[-61,-62],[-87,-35],[28,125],[-22,86],[-61,31],[-39,27],[-48,-54],[-59,3],[-54,32],[-99,48]],[[2590,3269],[28,106]],[[2938,4109],[65,26],[57,33],[78,34],[67,5],[55,48],[104,94],[150,95],[13,-26],[16,-28],[24,-5],[195,-116],[60,-11],[65,20],[110,7],[71,-53],[12,-64],[-3,-51],[19,-56],[56,-54],[51,-84],[26,-56],[58,-76],[75,-9]],[[4362,3782],[9,66],[77,56],[43,18],[61,20],[16,36],[49,47],[69,56],[126,2],[45,-5],[58,5],[43,17],[42,39],[55,48],[39,68],[41,53],[42,25],[74,-2],[42,-62],[18,-42],[11,-50],[-10,-52],[-27,-38],[-27,-38],[-70,-48],[-70,-49],[-27,-31],[-11,-51],[7,-94],[16,-108],[3,-50],[4,-43],[7,-94],[-10,-59],[53,-18],[50,26]],[[5210,3430],[20,-79],[-18,-52],[-97,15],[-51,-11],[-27,-31],[-40,-53]],[[4997,3219],[-51,-18],[-45,11],[-53,18],[-44,-11],[-94,-28],[-51,-11],[-61,-69],[-25,-60],[-51,-4],[-62,-62],[-19,-45],[-5,-37],[-38,-75],[-43,-25],[-73,-5],[-11,-51],[-27,-133],[-43,-17]],[[4201,2597],[-52,10],[-137,-46],[-45,-3],[-81,-6]],[[5210,3430],[32,60],[69,70],[25,53],[4,43],[12,45],[-4,43],[52,199],[9,66],[48,47],[45,3],[39,-22],[42,-81],[34,-48],[77,-38],[54,-32],[50,-77],[27,-78],[-27,3],[-74,11],[-77,6],[-49,-21],[-43,-54],[-77,-1],[77,-87],[12,-110],[-12,-72],[60,-12],[58,112],[80,-51],[22,-86],[-54,-7],[1,-67],[69,-53],[45,-127],[85,-51],[-58,-57],[-60,-34],[-98,5],[-29,-58],[21,-101],[-118,-25],[-126,-61],[-60,19],[-55,-79]],[[5338,2625],[-98,31],[-33,41],[-11,50],[18,52],[3,51],[-33,49],[-61,17],[-39,26],[-19,64],[4,44],[-53,105],[-19,64]],[[2590,3269],[-50,-131],[-50,-120],[-26,-52],[-40,-61],[-101,-123],[-41,-47],[-73,-106],[-25,-60],[-51,-73]],[[2133,2496],[-40,8],[-68,10],[-52,4],[-44,-4],[-38,12],[-54,33],[-49,61],[-32,27]],[[1756,2647],[-27,71],[-72,60],[-90,124],[1,72],[7,49],[-21,45],[-32,34],[-11,35],[11,52],[26,52],[-11,50],[-12,50],[-3,43],[-27,64],[-33,41],[-25,34]],[[1756,2647],[-67,-84],[-78,-42],[-53,11],[-76,30],[-80,-20],[-37,5],[-84,23],[25,67],[-49,61],[-98,15],[-130,56],[-13,79],[-28,71],[-62,39],[-76,-12],[-74,37],[-62,39],[-85,45],[-38,12],[-57,10]],[[534,3089],[81,15],[99,48],[-22,125],[5,134]],[[3383,2364],[-122,-45],[-36,-17],[-120,-66],[-40,-68],[-58,-113],[-73,-107]],[[2934,1948],[-112,21],[-43,70],[-69,31],[-66,-5],[-37,5],[-61,17],[-53,25],[-32,27],[-168,162],[-89,103],[-71,92]],[[5338,2625],[-12,-18],[-52,-55],[-105,23],[-77,-11],[19,-82],[-83,-99],[-48,61],[-85,47],[-118,43],[-86,45],[-59,-28],[-26,-59],[-83,-93],[-85,-150],[-42,-88]],[[4396,2161],[-88,8],[-27,64],[-36,77],[-100,51],[-55,39],[31,82],[48,47],[32,68]],[[2133,2496],[-34,-78],[-4,-44],[-24,-74],[-62,-55],[-48,-54],[-3,-51],[-2,-73],[-11,-44],[-26,-53],[-28,-111],[-33,-53],[-27,-31],[-4,-51],[-46,-41],[-69,-3],[-88,-14],[-117,-5]],[[1507,1661],[-53,8],[-76,23],[-31,27],[-113,28],[-52,-3],[-42,-25],[-56,-40],[-48,-54],[-41,-40],[-112,-3],[-61,17],[-56,41],[-115,74],[-50,50],[-47,65],[-19,57],[-32,34],[-53,11],[-50,-18],[-44,-3],[-38,11],[-127,107],[-25,42],[-35,63],[-49,61],[-39,34],[-43,54],[2,3],[31,146],[125,26],[142,25],[68,156],[41,161],[1,187],[71,93],[53,10]],[[4396,2161],[-36,-77],[-65,-53],[-89,-24],[-66,-45],[41,-72]],[[4181,1890],[-63,-39],[-70,-55],[-30,-89],[-69,-71],[-80,-13],[-76,-63],[-2,-80],[-18,-52],[-45,11],[-78,22],[18,-113],[-16,-81],[-26,-38],[-76,-70],[12,-58],[87,21],[-2,-72],[-38,-83],[-25,-147]],[[3584,820],[-51,30],[-60,6],[-59,42],[-62,36],[-45,69],[-8,43]],[[3299,1046],[-9,29],[4,44],[-26,49],[-26,48],[-41,48],[-31,27],[-47,18],[-10,50],[0,87],[-18,43],[-80,81],[-18,42],[78,42],[36,111],[4,51],[-64,61],[-53,11],[-64,60]],[[2934,1948],[-11,-138],[-51,-18],[-86,-28],[-2,-73],[4,-58],[-8,-80],[-48,-54],[-74,2],[-83,16],[-73,-13],[-69,-55],[13,-72],[83,-30],[85,-38],[35,-77],[-33,-53],[-60,-14],[-30,29],[-39,27],[-19,-38],[-49,-40],[-49,-39],[-64,-34],[-44,-3],[-43,-18],[-44,4],[-34,-38],[24,-35],[42,-62],[-27,-31],[-19,-45],[-11,-44],[-42,-32],[-44,-43],[-49,-45]],[[2015,678],[-8,2],[-83,40],[48,119],[-94,79],[-32,72],[40,128],[-43,67],[-58,27],[-81,59],[-88,58],[-81,-10],[-44,-97],[-42,-74],[-77,45],[-56,69],[-1,42],[13,83],[35,42],[47,46],[82,41],[34,86],[-19,59]],[[3299,1046],[-94,-38],[-85,-59],[-53,-92],[-1,-178],[-46,-79],[-79,-23],[-48,-54],[-85,-22],[-67,-98],[-68,-62],[-90,-25],[-72,-79],[-43,-74],[-53,-71],[-90,-67],[-64,-25],[-66,86],[-59,54],[18,103],[-40,70],[35,35],[56,95],[6,110],[-48,37],[-62,67],[-86,21]],[[4181,1890],[16,-29],[-54,-130],[96,16],[65,17],[-50,-57],[-57,-68],[91,-98],[114,16],[65,-40],[-21,-94],[-60,-77],[-44,-94],[39,-461],[-51,-55],[-78,2],[-65,19],[-95,-42],[-152,-67],[-137,-2],[-89,8],[-84,64],[-19,87],[-27,15]]],"objects":{"layer1":{"type":"GeometryCollection","geometries":[{"arcs":[[0,1,2,3]],"type":"Polygon","properties":{"ID_":"IND021032607","NAME1_":"Kotpad","AreaLevel":4,"AreaGId":0,"Parent_Are":"IND0210326"}},{"arcs":[[4,5,6,-1]],"type":"Polygon","properties":{"ID_":"IND021032603","NAME1_":"Borigumma","AreaLevel":4,"AreaGId":0,"Parent_Are":"IND0210326"}},{"arcs":[[7,8,9,10,-6,11]],"type":"Polygon","properties":{"ID_":"IND021032604","NAME1_":"Dasamanthpur","AreaLevel":4,"AreaGId":0,"Parent_Are":"IND0210326"}},{"arcs":[[12,13,14,15,-8]],"type":"Polygon","properties":{"ID_":"IND021032610","NAME1_":"Laxmipur","AreaLevel":4,"AreaGId":0,"Parent_Are":"IND0210326"}},{"arcs":[[16,17,-14]],"type":"Polygon","properties":{"ID_":"IND021032601","NAME1_":"Bandhugaon","AreaLevel":4,"AreaGId":0,"Parent_Are":"IND0210326"}},{"arcs":[[-2,-7,-11,18,19,20]],"type":"Polygon","properties":{"ID_":"IND021032605","NAME1_":"Jeypore","AreaLevel":4,"AreaGId":0,"Parent_Are":"IND0210326"}},{"arcs":[[-3,-21,21,22]],"type":"Polygon","properties":{"ID_":"IND021032608","NAME1_":"Kundra","AreaLevel":4,"AreaGId":0,"Parent_Are":"IND0210326"}},{"arcs":[[-19,-10,23,24]],"type":"Polygon","properties":{"ID_":"IND021032606","NAME1_":"Koraput","AreaLevel":4,"AreaGId":0,"Parent_Are":"IND0210326"}},{"arcs":[[-18,25,26,-15]],"type":"Polygon","properties":{"ID_":"IND021032612","NAME1_":"Narayanpatna","AreaLevel":4,"AreaGId":0,"Parent_Are":"IND0210326"}},{"arcs":[[-22,-20,27,28]],"type":"Polygon","properties":{"ID_":"IND021032602","NAME1_":"Boipariguda","AreaLevel":4,"AreaGId":0,"Parent_Are":"IND0210326"}},{"arcs":[[-16,-27,29,30,31,32,-24,-9]],"type":"Polygon","properties":{"ID_":"IND021032614",