
{"type":"Topology","transform":{"scale":[0.00021582556925005283,0.00019851812915683406],"translate":[81.409973,17.798864]},"arcs":[[[4017,3976],[-16,-53],[-19,-55],[-2,-70],[-18,-55],[-70,25],[-81,-114],[-21,-42],[31,-85],[-33,-75],[-53,3],[-25,45],[-39,20],[-28,-33],[-61,19],[-44,-11],[-37,-11],[-26,-56],[-11,-47],[-4,-47],[26,-52],[39,-28]],[[3525,3254],[-3,-54],[-19,-55],[4,-54],[-52,-4],[-25,37],[-45,54],[-43,16],[-24,-79],[-41,-49],[-34,-49]],[[3243,3017],[-19,53],[-3,46],[-19,45],[-47,35],[-67,-13],[-74,-6],[-12,-47],[-35,-26],[-52,-11],[-53,11],[-52,-4],[-82,-13],[-27,67],[3,62],[4,47],[11,54],[11,55],[39,80],[19,56],[43,19],[37,10],[3,54],[-40,36],[11,55],[-34,59],[18,64],[-18,44],[-37,-10],[-43,-27],[-58,-27],[-38,12],[-47,46]],[[2585,3843],[20,7],[67,106],[-42,79],[-75,60],[-82,61],[-82,13],[-72,59],[94,-14],[82,-24],[66,8],[39,115],[110,126],[121,69],[91,25],[173,77],[106,11],[40,40],[43,-58],[40,-36],[50,-66],[35,-66],[26,-45],[128,-114],[38,-12],[45,3],[51,19],[53,-11],[33,-36],[19,-61],[48,-70],[50,-52],[117,-80]],[[4017,3976],[57,-43],[62,-18],[112,3],[42,42],[49,58],[56,43],[43,26],[53,4],[114,-30],[32,-28],[77,-26],[54,-7],[19,-64],[-34,-92],[-84,-43],[-47,-49],[-36,-45],[-13,-88],[1,-44],[56,-75],[79,-47],[-2,-5],[-105,-83],[-5,-6],[-81,-61],[-57,-83],[17,-96],[45,-74],[0,-84],[-76,-79],[-1,-2]],[[4444,2880],[-69,29],[-53,4],[-122,29],[-47,27],[-46,20],[-47,20],[-53,11],[-46,3],[-46,21],[-41,51],[-18,45],[-34,52],[-48,42],[-38,13],[-51,-19],[-66,-21],[-32,29],[-62,18]],[[1832,3118],[65,72],[125,134],[125,134],[60,157],[163,57],[39,152],[90,-13],[86,32]],[[3243,3017],[18,-45],[-18,-63],[51,-81],[-27,-33],[-52,-12],[5,-61],[32,-29],[59,5],[32,-29],[5,-61],[-27,-48],[-11,-47],[-34,-57],[-34,-41]],[[3242,2415],[-60,3],[-74,-21],[-44,-11],[-44,-3],[-39,12],[-48,51],[-52,-12],[-34,-49],[-69,-74],[-53,-4],[-47,35],[-56,42],[-55,42],[-46,20],[-46,4],[-42,-34],[-50,-42],[-45,12],[-44,-19],[-36,-26],[-40,-57],[-27,-41],[-50,-42],[-44,-11],[-61,19],[-28,67],[18,63],[89,64],[53,54],[41,70],[8,42],[-27,56],[-45,29],[-46,23],[-52,-4],[-46,19],[-38,5],[-57,65],[-55,27],[-54,27],[-40,36],[3,54],[28,33],[42,34],[27,48],[4,39],[-18,45],[-11,13]],[[4444,2880],[-80,-86],[-23,-71],[112,26],[89,-68],[-2,-105],[-80,-84],[-103,-28],[-94,-109],[12,-82],[-39,-77],[27,-69],[-47,-91],[79,-62],[125,-93],[10,-112],[-30,-44],[-47,50],[-40,-39],[11,-196],[17,-113],[14,-118],[-46,-12],[-58,-9],[-87,-47],[-40,87],[-38,117],[-88,-169],[21,-163],[-51,-89],[-104,71],[-87,44],[-74,37],[-55,-11],[-47,89],[-89,32],[-84,-18],[-47,72],[-105,12],[-118,-6],[-90,-11]],[[3068,1335],[42,78],[35,31],[36,16],[30,23],[30,21],[7,116],[79,45],[34,41],[4,54],[-11,46],[-4,53],[-4,54],[-7,92],[-21,84],[-20,68],[-10,37],[-3,46],[-5,70],[-27,59],[-11,46]],[[1196,2480],[59,19],[26,128],[140,17],[69,28],[79,51],[17,6],[56,35],[69,142],[68,153],[53,59]],[[3068,1335],[-41,-62],[-62,-2],[-77,-45],[-46,-46],[-6,-28]],[[2836,1152],[-114,174],[-70,33],[-95,78],[-25,37],[38,74],[17,148],[-50,121],[-68,28],[-65,-16],[8,-71],[3,-82],[-59,-4],[-75,26],[-62,-1],[-30,-27],[-74,16],[-54,28],[-28,59],[-38,129],[-65,42],[-101,21]],[[1829,1965],[-43,78],[-42,59],[-39,40],[-86,35],[-34,52],[-18,37],[-51,27],[-53,17],[-57,14],[-76,44],[-55,43],[-79,69]],[[1829,1965],[-40,-13],[-49,0],[-39,23],[-53,4],[-43,-19],[-13,-39],[-48,-58],[-44,-11],[-51,-19],[-36,-18],[-60,3],[-27,-49],[11,-37],[-66,-28],[-51,-12],[-58,-28],[-27,-48],[-47,-73],[-73,-28],[-54,26],[-68,11],[-44,-19],[-4,-47],[-12,-39],[-65,-28],[-53,-4],[0,-93],[56,-50],[80,30],[70,-42],[-11,-54],[-35,-34],[-12,-39],[20,-68],[27,-52],[73,-80],[4,-61],[-82,-99],[-20,-40],[-44,-11],[-39,20],[-38,5],[-26,-48],[-62,-75],[-64,-51],[-62,-42],[-37,-35],[11,-45],[32,-36],[28,-75],[25,-37],[25,-37],[4,-46],[-1,-62],[1,-132]],[[638,26],[-39,-19],[-157,-7],[-100,4],[-61,50],[-95,8],[-116,1],[-13,62],[-57,258],[61,13],[32,-23],[68,-10],[46,43],[12,95],[30,111],[48,59],[56,82],[25,98],[17,135],[12,101],[32,96],[69,103],[43,122],[30,135],[50,140],[-24,152],[-16,99],[31,163],[52,115],[130,75],[163,109],[175,67],[54,17]],[[2836,1152],[-12,-54],[-62,-63],[-96,-48],[-113,-56],[-100,-20],[-216,-94],[-115,-17],[-112,-36],[-101,-34],[-82,-73],[-176,-211],[-57,-17],[-234,1],[-103,-42],[-64,-53],[-61,-128],[-113,-93],[-96,-80],[-102,9],[-86,31],[-97,-48]]],"objects":{"layer1":{"type":"GeometryCollection","geometries":[{"arcs":[[0,1,2,3]],"type":"Polygon","properties":{"ID_":"IND021032706","NAME1_":"Mathili","AreaLevel":4,"AreaGId":0,"Parent_Are":"IND0210327"}},{"arcs":[[4,5,-1]],"type":"Polygon","properties":{"ID_":"IND021032702","NAME1_":"Khairput","AreaLevel":4,"AreaGId":0,"Parent_Are":"IND0210327"}},{"arcs":[[6,-3,7,8]],"type":"Polygon","properties":{"ID_":"IND021032705","NAME1_":"Malkangiri","AreaLevel":4,"AreaGId":0,"Parent_Are":"IND0210327"}},{"arcs":[[-2,-6,9,10,-8]],"type":"Polygon","properties":{"ID_":"IND021032704","NAME1_":"Kudumulugumma","AreaLevel":4,"AreaGId":0,"Parent_Are":"IND0210327"}},{"arcs":[[11,-9,-11,12,13,14]],"type":"Polygon","properties":{"ID_":"IND021032703","NAME1_":"Korukunda","AreaLevel":4,"AreaGId":0,"Parent_Are":"IND0210327"}},{"arcs":[[-15,15,16]],"type":"Polygon","properties":{"ID_":"IND021032707","NAME1_":"Podia","AreaLevel":4,"AreaGId":0,"Parent_Are":"IND0210327"}},{"arcs":[[-14,17,-16]],"type":"Polygon","properties":{"ID_":"IND021032701","NAME1_":"Kalimela","AreaLevel":4,"AreaGId":0,"Parent_Are":"IND0210327"}}]}}}