{"type":"Topology","transform":{"scale":[0.00018383774793643117,0.00016284031960663787],"translate":[85.660682,21.244031]},"arcs":[[[2434,7694],[44,-94],[-21,-86],[-31,-78],[-39,-78],[45,-167],[-60,-23],[-21,-95],[-144,-86],[-39,-96],[-14,-49]],[[2154,6842],[-98,15],[-157,-63]],[[1899,6794],[-66,1],[7,126],[79,93],[9,143],[-47,98],[-82,78],[-136,127],[-6,121],[-85,134],[-81,85],[116,87],[144,36],[125,11],[35,88],[115,113],[108,-68],[115,-144],[95,-232],[90,3]],[[2434,7694],[143,5],[177,-24],[122,-33],[176,-97],[166,-69],[111,-90],[17,-27]],[[3346,7359],[-189,-186],[-118,-234],[-56,-172],[-73,-35],[-122,-27],[52,-128]],[[2840,6577],[-65,-99],[-68,-33],[-69,-23],[-80,4],[-70,-5]],[[2488,6421],[-80,146],[-56,62],[-5,75],[-48,72],[-145,66]],[[3346,7359],[142,-220],[128,-175],[160,-95],[120,-97],[118,-79],[117,-29],[47,80],[137,100],[63,15]],[[4378,6859],[-34,-259],[-5,-104],[-13,-141],[-36,-83],[-6,-90],[4,-75],[-30,-87],[4,-57]],[[4262,5963],[-72,24],[-151,9],[-123,-8],[-65,-90],[-85,-52],[-62,5],[-72,23],[-61,-13],[-47,-88],[26,-149],[-22,-68],[-147,-57],[-80,23],[-73,33]],[[3228,5555],[32,49],[-108,182],[-141,9],[-62,147],[31,68],[-75,71]],[[2905,6081],[-33,120],[21,77],[68,52],[61,57],[18,90],[-31,73],[-62,15],[-107,12]],[[4378,6859],[139,34],[115,-159],[90,-112],[192,-21],[147,-45],[127,-141],[95,-102],[-17,-111],[178,-41],[145,-66],[134,-64],[1,-48],[-56,-230],[111,-14]],[[5779,5739],[-71,-82],[-46,-55],[-50,-55],[-60,-64]],[[5552,5483],[-63,15],[-79,4],[-70,-24],[-60,-13],[-70,3],[-84,53],[-72,33],[-99,31],[-49,82],[8,151],[-13,75],[-21,46],[-147,-48],[-85,-53],[-62,15],[-30,-96]],[[4556,5757],[-79,-6],[-44,7],[-55,24],[-67,90],[-49,91]],[[2488,6421],[14,-84],[9,-150],[-61,-165],[-14,-48],[-14,-76],[-4,-76]],[[2418,5822],[-65,-89],[-59,-42],[-79,-15],[-139,-1],[-216,15]],[[1860,5690],[41,82],[-26,214],[-101,132],[-34,148],[47,107],[89,136],[116,126],[-12,34],[-108,-5],[27,130]],[[2905,6081],[-79,4],[-57,-79],[-13,-86],[-14,-58],[-79,-5],[-70,-14],[-76,-43],[-99,22]],[[3228,5555],[-56,-89],[-48,-88],[-81,33],[-41,91],[-70,-14],[-38,-87],[13,-84],[4,-57],[-51,-31],[-117,-112],[-12,-86],[49,-81]],[[2780,4950],[-71,-5],[-66,-61],[-68,-42],[-69,-33],[-69,-24],[-79,-14],[-62,14],[-82,42],[-81,23],[-70,-5],[-104,-26],[-78,-33]],[[1881,4786],[-44,6],[-63,4],[-32,24],[-74,54],[-43,35],[-96,64]],[[1529,4973],[3,3],[124,192],[128,245],[18,163],[58,114]],[[4556,5757],[53,-148],[-13,-76],[-21,-77],[-126,-103],[-77,-52],[-126,-103],[-51,-32],[-69,-14],[-80,-5],[-60,-13],[-67,-62],[-59,-41],[-70,-24],[-61,-13],[-68,-33],[-69,-24],[-78,-33],[-75,-71],[-47,-88],[-65,-89]],[[3327,4656],[-105,-26],[-65,-80],[-68,-42],[-81,23],[-57,71],[-31,74],[3,85],[-31,83],[-48,63],[-64,43]],[[5552,5483],[-38,-106],[-31,-68],[-41,-50],[-67,-61],[-67,-52],[-57,-52],[-151,-9],[-61,-14],[-59,-41],[-67,-61],[-23,-68],[6,-94],[7,-113]],[[4903,4694],[-88,-156],[-12,-86],[-22,-68],[-33,-49],[-66,-70],[-122,-169],[-60,-174],[-39,-87]],[[4461,3835],[-80,4],[-71,14],[-116,21],[-68,-33],[-66,-90],[-76,-42],[-81,13],[-134,29],[-73,52],[-58,81],[-40,82],[-23,83],[4,86],[-13,65],[-49,81],[-80,146],[-30,74],[-40,72],[-40,83]],[[5779,5739],[212,16],[162,-173],[128,-77],[31,-98]],[[6312,5407],[-99,-149],[-62,-65],[-60,-93],[-21,-158],[-13,-76],[-44,-154]],[[6013,4712],[-93,-63],[-121,-46],[-50,-50],[-33,-40],[-112,-187]],[[5604,4326],[-93,79],[13,76],[-14,84],[-93,79],[-124,10],[-104,125],[-71,5],[-138,-47],[-77,-43]],[[1881,4786],[-13,-67],[-22,-77],[-31,-77],[5,-85],[-57,-18],[-73,-10],[-69,-23],[-69,-33]],[[1552,4396],[-143,28],[-78,-24],[-73,52],[-78,-33],[-46,-107],[-60,-33],[-69,-23],[-148,-29],[-102,-73],[-50,-23],[-87,-33],[-5,-1]],[[613,4097],[-4,30],[1,43],[-2,42],[-13,35],[-24,30],[-29,28],[-32,26],[-31,26],[-29,28],[-26,32],[-24,35],[-25,33],[-27,27],[-31,18],[-39,-1],[-42,-5],[-44,-4],[-44,-4],[-16,18],[12,40],[21,47],[10,38],[-22,11],[-48,-9],[-34,13],[-26,31],[-23,38],[-16,39],[-6,39],[6,41],[14,42],[18,37],[37,3],[13,30],[20,22],[2,1],[233,163],[117,28],[174,107],[210,158],[19,-62],[45,-124],[-44,-83],[-139,4],[-58,-119],[-47,-175],[-101,-139],[121,-77],[171,-17],[188,-41],[178,-46],[157,-66],[-22,89],[30,201],[187,175]],[[6312,5407],[182,1],[219,-24],[253,-54],[147,-151],[115,-77],[74,-142],[-16,-138],[48,-99],[-20,-130],[5,-85],[-89,-118],[2,-58]],[[7232,4332],[-185,7],[-59,3],[-68,-42],[-69,-33],[-70,-20],[-150,15],[-71,5],[-62,15],[-64,24],[-46,44]],[[6388,4350],[-48,63],[-46,34],[-149,122],[-132,143]],[[4461,3835],[103,-97],[40,-73],[-5,-76],[-121,-27],[-61,-23],[-66,-80],[40,-73],[66,-71],[-40,-68],[-71,4],[-72,33],[-49,73],[-57,81],[-71,4],[-77,-42],[-4,-76],[-23,-68],[-51,-22],[-122,-27],[-80,13],[-144,48],[-91,50],[-39,54],[-44,148],[-72,165],[-69,-23],[-26,-153]],[[3255,3509],[-70,-14],[-78,-24],[-67,-61],[-77,-34],[-144,47],[-82,42],[-61,-4],[-79,-15],[-145,66],[-81,23],[-65,53],[-22,74],[23,58],[40,78],[-49,81],[-57,149],[-26,44],[-82,51],[-154,66],[-75,70],[-55,44],[-63,24],[-88,-16],[-52,-3]],[[1646,4308],[-94,88]],[[5604,4326],[22,-65],[31,-73],[38,-54],[74,-61],[98,-13],[54,-15],[139,-104],[72,-24]],[[6132,3917],[20,-45],[-31,-67],[-121,-38]],[[6000,3767],[-93,69],[-90,32],[-47,-88],[-77,-43]],[[5693,3737],[-71,-4],[-82,51],[-75,70],[-46,35],[-63,15],[-78,-24],[-51,-23],[-68,-51],[-30,-78],[-4,-85],[5,-75]],[[5130,3568],[-30,-87],[-4,-85],[-14,-67],[-48,-79],[-109,-83],[-19,-124],[3,-56],[-77,-34],[-53,-3],[-78,-15],[-67,-70]],[[4634,2865],[-67,-61],[-21,-87],[-23,-48],[-68,-43],[-79,-14],[-139,-28],[-69,-24],[-62,-4],[-71,5]],[[4035,2561],[-49,81],[-114,134]],[[3872,2776],[-118,68],[-81,23],[-137,76],[-56,43],[-115,153],[-23,93],[4,85],[-36,149],[-55,43]],[[6388,4350],[-49,-70],[30,-64],[68,-99],[-44,-154],[-49,-60],[-77,-43],[-58,91],[-77,-34]],[[1646,4308],[22,-74],[44,-148],[12,-56],[4,-66],[-12,-85],[-158,-146],[-123,-24],[-85,-53],[-69,-33],[-69,-23],[-61,-14],[-80,23],[-61,-13],[-86,-199]],[[924,3397],[-32,2],[-41,-5],[-41,-4],[-44,-5],[-27,14],[-7,35],[0,45],[-2,55],[-5,31],[-7,41],[-7,40],[-7,40],[-7,41],[-8,40],[-7,40],[-8,41],[-8,40],[-8,40],[-9,40],[-11,40],[-12,39],[-11,39],[-2,11]],[[7232,4332],[2,-70],[70,-121],[131,-111],[15,-9]],[[7450,4021],[-122,-130],[-70,-78],[-144,-164],[-36,-74],[15,-235],[32,-93]],[[7125,3247],[-80,5],[-62,-4],[-138,-47],[-70,-15],[-52,-3],[-72,23],[-73,33],[-82,52],[-70,-5],[-57,62],[-5,85],[-110,68],[30,77],[23,68],[-22,65],[-148,-29],[-61,-4],[-76,89]],[[3872,2776],[-31,-58],[-72,14],[-69,-14],[-53,-4],[-69,-23],[-70,-14],[-123,-9],[-121,-36],[-71,5],[-63,14],[-81,33],[-134,29],[-62,5],[-74,-1],[-68,10],[-74,-80],[-31,-78],[-79,-5],[-71,5],[-250,-19]],[[2206,2550],[-11,38],[-16,38],[-17,38],[-16,39],[-14,41],[-16,40],[-20,32],[-32,18],[-43,3],[-38,-12],[-27,-35],[-23,-51],[-18,-44],[-14,-13],[-8,20],[-6,33],[-4,43],[-3,48],[-2,50],[-1,48],[1,40],[-14,1],[-38,0],[-39,0],[-41,1],[-40,0],[-39,0],[-41,-3],[-42,-6],[-42,-6],[-40,-3],[-38,3],[-33,11],[-28,21],[-24,29],[-20,36],[-19,39],[-17,41],[-19,41],[-19,37],[-23,31],[-28,21],[-38,0],[-43,-9],[-41,-2],[-33,18],[-30,26],[-28,31],[-28,30],[-30,27],[-32,18],[-7,0]],[[7450,4021],[69,-38],[125,-40],[85,-34],[10,-39],[8,-43],[12,-40],[21,-35],[23,-36],[27,-32],[29,-28],[31,-18],[39,-1],[43,8],[39,2],[32,-18],[30,-33],[27,-41],[17,-37],[0,-23],[-43,7],[-45,0],[-14,-32],[-4,-45],[-5,-45],[-18,-25],[-43,3],[-41,-5],[-34,14],[-29,35],[-27,41],[-25,36],[-23,21],[-17,-9],[-10,-39],[-8,-51],[-13,-45],[-20,-35],[-23,-34],[-21,-35],[-16,-37],[-5,-40],[1,-43],[-4,-41],[-17,-38],[-24,-42],[-28,-39],[-26,-27],[-22,-5],[-13,28],[-10,49],[-15,47],[-25,33],[-31,32],[-34,32],[-35,28],[-33,21],[-29,11],[-24,-9],[-19,-40],[-7,-33]],[[7238,3139],[-113,108]],[[5693,3737],[-14,-67],[71,-155],[139,-104],[48,-73],[79,15],[69,23],[90,-31],[67,-81],[21,-64],[26,-131],[41,-91],[68,-109],[82,-51],[31,-64],[-68,-43],[-112,-54],[-39,-78],[40,-83],[74,-51],[87,-70]],[[6493,2375],[-18,4],[-10,-11],[-1,-44],[3,-54],[-10,-36],[-22,2],[-21,3],[-39,0],[-19,0],[-20,0],[-39,0],[-39,0],[-38,0],[-12,1],[-27,0],[-15,