{"type":"Topology","transform":{"scale":[0.000177974619289342,0.00016536911962365572],"translate":[81.860908,19.11026]},"arcs":[[[1992,5308],[-9,-91],[17,-221],[-5,-56],[-62,-23],[-74,22],[-112,29],[-79,-25],[-58,-87],[-3,-75],[48,-43],[54,14],[32,-72],[-48,-87],[-146,17],[-62,-23],[-49,-78],[-49,-69],[-14,-56],[32,-63],[31,-62],[-5,-56],[-52,-32],[-54,-4],[-23,63],[-80,-15],[-34,-39],[-30,-26]],[[1158,4150],[-52,32],[-169,-20],[-79,-23],[-137,57],[-11,132],[-36,131],[-112,62],[-146,92],[-115,95],[-136,70],[-99,87],[-47,104],[-19,66],[30,133],[27,158],[43,321],[47,-41],[174,124],[75,123],[65,58],[106,41],[79,-25],[104,-100],[116,-57],[48,-61],[63,-122],[5,-129],[76,15],[57,152],[167,79],[98,-65],[117,-88],[23,-44],[103,-54],[91,-42],[95,-17],[63,-110],[120,24]],[[1992,5308],[47,9],[113,48],[91,-24],[155,-110],[112,-238],[183,-244],[148,-229],[113,-106]],[[2954,4414],[-245,-44],[-58,-41],[-65,14],[-64,14],[-59,-69],[-32,-58],[-22,-67],[-51,-50],[-50,-59],[-42,-41],[-23,-66],[-32,-58],[-42,-170],[6,-74],[24,-81],[-23,-67]],[[2176,3497],[-60,-41],[-53,-23],[-63,-5],[-93,31],[-73,-6],[-46,-105],[7,-102],[130,84],[38,31],[133,0],[25,-90],[-21,-85],[4,-65],[59,-60],[-3,-75],[-147,17],[-6,-47],[3,-157],[13,-175],[31,-53]],[[2054,2571],[-14,-57],[-13,-66],[5,-64],[31,-63],[-2,-93],[-60,-41],[-63,-14],[-44,-13],[-43,-40],[-60,-42]],[[1791,2078],[-33,-34],[-25,-40],[-22,-35],[-24,-39]],[[1687,1930],[-91,-10],[-40,143],[-27,140],[-106,134],[-89,35],[-111,-26],[-116,64],[-3,175],[-7,184],[83,219],[34,171],[-16,195],[-8,197],[24,211],[34,191],[9,137],[-99,60]],[[2954,4414],[118,127],[120,146],[99,34],[97,26],[202,-6],[121,-84],[190,3],[177,21],[172,-29],[83,-49],[-22,-65],[-76,-101],[12,-150],[36,-144],[46,-55],[-19,-26],[-23,-33],[-24,-34],[-16,-38],[-35,-50],[-47,-43],[-39,-39],[-10,-21],[-7,-14],[-25,-33],[-29,-31],[-30,-28],[-41,-4],[-11,-28],[2,-43],[7,-27]],[[3982,3596],[-70,21],[-97,-45],[-55,6],[-116,-18],[41,-71],[4,-56],[-43,-31],[-88,-34],[-81,-15],[-81,-6],[-65,23],[-105,57],[-84,40],[-103,39],[-97,85],[-98,-26],[-49,52],[-74,-18],[-59,-38],[-82,12],[-34,-39],[-112,47],[-70,-33],[-61,-41],[-127,-10]],[[3982,3596],[1,-8],[-22,-35],[-27,-8],[5,-36],[12,-42],[9,-42],[2,-42],[-1,-44],[-5,-41],[-17,-27],[-45,8],[-30,-19],[-21,-35],[-19,-38],[-20,-36],[-34,-12],[-3,-35],[6,-42],[6,-42],[-14,-24],[-22,-37],[-13,-37],[-26,-38],[-3,-28],[37,4],[49,-1],[40,0],[40,0],[23,0],[18,0],[45,4],[42,1],[8,-28],[-5,-43],[-4,-15]],[[3994,2778],[-148,9],[-98,-26],[-96,-59],[-72,-129],[-98,-17]],[[3482,2556],[-16,91],[14,57],[-51,71],[-56,14],[-53,-13],[-40,52],[-57,24],[-52,-23],[-71,-23],[-60,-51],[-37,-114],[-63,-5],[-50,52],[-55,15],[-31,-77],[13,-54],[13,-55],[13,-55],[-14,-56],[-43,-22],[-114,-55],[-62,-23],[-97,-44],[-65,23],[-59,60],[-42,71],[-50,61],[-76,50],[-64,5],[-103,39]],[[3482,2556],[-23,-67],[-40,-67],[13,-55],[7,-92],[-28,-114],[-57,-87],[-63,-14],[-33,-40],[-14,-65],[-12,-76],[-41,-67],[-60,-66],[-101,-18],[-133,6],[-64,5],[-44,-13],[-44,-41],[-20,-75],[-5,-56],[4,-55],[20,-147],[22,-63],[60,-70],[6,-74]],[[2832,1145],[-12,-84]],[[2820,1061],[-51,-50],[-55,5],[-65,23],[-41,53],[-31,53],[21,85],[-4,55],[-39,35],[-59,60],[14,57],[34,39],[-15,73],[-75,41],[-66,32],[-50,61],[12,85],[-22,44],[-44,108],[-104,82],[-56,-10],[-63,-14],[-80,-15],[-64,4],[-65,23],[-61,88]],[[3994,2778],[-9,-30],[-18,-32],[-48,7],[-1,-32],[8,-44],[16,-42],[22,-28],[38,-3],[45,6],[43,4],[45,5],[36,-5],[21,-26],[8,-43],[7,-45],[16,-32],[45,6],[28,-17],[16,-38],[10,-43],[5,-47],[17,-2],[10,-38],[5,-43],[6,-41],[32,-11],[21,-32],[21,-35],[19,-36],[20,-36],[20,-37],[18,-38],[13,-24]],[[4529,1926],[-160,56],[-63,-4],[-6,-47],[5,-65],[-41,-68],[-12,-75],[-14,-65],[-14,-57],[-32,-58],[-124,-37],[-31,-77],[23,-63],[21,-44]],[[4081,1322],[-46,-115],[-94,-72],[-105,-63],[-47,24],[-57,33],[-119,10],[-60,-42],[-54,-134],[-41,-58],[-53,-23],[-62,-14],[-93,21],[-9,120],[-109,122],[-72,-6],[-43,-31],[-42,71],[-63,5],[-80,-25]],[[2820,1061],[47,-24],[13,-55],[-30,-85],[-59,-70],[-5,-56],[-13,-65],[-4,-66],[42,-80],[46,-6],[59,-60],[31,-44],[-6,-47]],[[2941,403],[-64,4],[-83,22],[-64,-5],[-55,15],[-55,5],[-55,5],[-92,21],[-66,32],[-57,24],[-65,23],[-66,32],[-55,14],[-65,14],[-66,32],[-111,29],[-84,25],[-9,152],[2,45],[21,84],[28,157],[94,182],[-42,111],[-102,-3],[-115,104],[137,94],[58,196],[-17,98],[-95,-2],[-111,17]],[[4529,1926],[7,-12],[24,-29],[39,-2],[42,3],[26,-27],[22,-36],[19,-39],[16,-36],[-9,-24],[6,-40],[9,-42],[10,-41],[22,-21],[11,-40],[10,-40],[12,-36],[46,6],[41,1],[26,-25],[20,-35],[18,-39],[20,-36],[35,-9],[40,0],[40,-1],[29,0],[52,0],[40,0],[40,0],[8,0],[32,-1],[40,0],[40,0],[40,0],[42,2],[32,-13],[18,-35],[16,-40],[11,-40],[4,-39],[-3,-41],[-7,-40],[-8,-40],[-8,-42],[-10,-41],[-15,-36],[-30,-13],[-38,-6],[-18,-35],[-16,-40],[-17,-38],[33,-32],[26,-29],[23,-35],[24,-35],[24,-33],[24,-34],[23,-35],[25,-33],[27,-27],[33,-4],[47,3],[26,-24],[20,-36],[3,-5],[-185,-122],[-127,-120],[-68,-61],[-82,-6]],[[5251,120],[-75,32],[-12,45],[31,67],[-30,44],[-41,62],[51,41],[52,41],[14,47],[-55,15],[-91,2],[-75,32],[22,66],[-32,72],[-61,-41],[-52,-32],[-81,-6],[-92,12],[-48,33],[-76,41],[-21,45],[-7,92],[-23,63],[-47,24],[-61,-32],[-52,-41],[-80,-25]],[[4309,819],[-59,70],[-72,106],[-40,53],[-23,63],[32,67],[42,40],[31,68],[-74,22],[-65,14]],[[4309,819],[4,-55],[-13,-66],[-41,-58],[-42,-50],[-42,-49],[-93,-91],[-23,-57],[-6,-47]],[[4053,346],[-53,-13],[-56,24],[-66,23],[-57,33],[-83,21],[-79,-33],[-51,-51],[-42,-49],[-42,-49],[-116,-28],[-47,25],[-121,46],[-57,24],[-176,52],[-66,32]],[[5251,120],[-96,-44],[-70,-42],[-79,-34],[-33,81],[-62,97],[-85,40],[-94,49],[-84,22],[-98,-17],[-46,-115],[-66,-36],[-61,27],[-67,51],[-51,70],[-76,50],[-65,14],[-65,13]]],"objects":{"layer1":{"type":"GeometryCollection","geometries":[{"arcs":[[0,1]],"type":"Polygon","properties":{"ID_":"IND021032808","NAME1_":"Raigarh","AreaLevel":4,"AreaGId":0,"Parent_Are":"IND0210328"}},{"arcs":[[2,3,4,5,6,7,-1]],"type":"Polygon","properties":{"ID_":"IND021032810","NAME1_":"Umerkote","AreaLevel":4,"AreaGId":0,"Parent_Are":"IND0210328"}},{"arcs":[[8,9,-4]],"type":"Polygon","properties":{"ID_":"IND021032801","NAME1_":"Chandahandi","AreaLevel":4,"AreaGId":0,"Parent_Are":"IND0210328"}},{"arcs":[[-10,10,11,12,-5]],"type":"Polygon","properties":{"ID_":"IND021032803","NAME1_":"Jhorigaon","AreaLevel":4,"AreaGId":0,"Parent_Are":"IND0210328"}},{"arcs":[[-13,13,14,15,-6]],"type":"Polygon","properties":{"ID_":"IND021032802","NAME1_":"Dabugam","AreaLevel":4,"AreaGId":0,"Parent_Are":"IND0210328"}},{"arcs":[[-12,16,17,18,-14]],"type":"Polygon","properties":{"ID_":"IND021032807","NAME1_":"Papadahandi","AreaLevel":4,"AreaGId":0,"Parent_Are":"IND0210328"}},{"arcs":[[-7,-16,19,20]],"type":"Polygon","properties":{"ID_":"IND021032804","NAME1_":"Kosagumada","AreaLevel":4,"AreaGId":0,"Parent_Are":"IND0210328"}},{"arcs":[[21,22,23,-18]],"type":"Polygon","properties":{"ID_":"IND021032809","NAME1_":"Tentulikhunti","AreaLevel":4,"AreaGId":0,"Parent_Are":"IND0210328"}},{"arcs":[[-15,-19,-24,24,25,-20]],"type":"Polygon","properties":{"ID_":"IND021032806","NAME1_":"Nowrangpur","AreaLevel":4,"AreaGId":0,"Parent_Are":"IND0210328"}},{"arcs":[[-25,-23,26]],"type":"Polygon","properties":{"ID_":"IND021032805","NAME1_":"Nandahandi","AreaLevel":4,"AreaGId":0,"Parent_Are":"IND0210328"}}]}}}