{"type":"Topology","transform":{"scale":[0.0001532822929542638,0.00011542427670922916],"translate":[84.486976,19.847383]},"arcs":[[[4123,4775],[-50,-478],[-72,-46],[-52,-17],[-75,7],[-96,33],[-93,-61],[-67,-125],[-61,-44],[-96,5],[-71,-45],[0,-6]],[[3390,3998],[-64,-4],[-28,-25],[-21,-41]],[[3277,3928],[-87,247],[-47,102],[-46,63],[-179,186],[-98,59],[-96,19],[-179,-14],[-64,8],[-76,34],[-73,-19],[-88,-126],[-73,-33],[-74,8],[-176,-80],[-97,32],[-93,-34],[-74,-6],[-96,19],[-196,-108],[-86,33],[-101,112],[-98,59],[-96,19],[-95,-8],[-73,-19],[-136,-37],[-49,130],[-170,26],[-290,-66]],[[171,4534],[2,59],[4,63],[3,67],[20,64],[19,20],[42,4],[50,-9],[52,-10],[49,0],[40,21],[35,38],[32,47],[32,47],[35,38],[40,21],[45,7],[47,-2],[48,-6],[48,-6],[47,-2],[47,0],[47,-1],[46,0],[47,0],[46,0],[47,-1],[47,0],[53,-8],[26,25],[5,58],[-2,64],[-6,57],[-45,-3],[6,55],[14,55],[16,57],[14,56],[12,56],[13,56],[15,55],[16,56],[18,59],[20,54],[28,40],[40,11],[52,-12],[47,-1],[37,30],[33,43],[30,48],[32,45],[35,35],[43,10],[49,-8],[50,-7],[47,0],[22,45],[14,59],[15,60],[22,44],[31,0],[16,0],[49,-5],[267,-219],[18,-76],[13,-57],[17,-49],[48,1],[40,-29],[39,-32],[39,-34],[40,-34],[39,-31],[41,-25],[43,-19],[45,-9],[46,-1],[47,4],[48,5],[48,3],[47,2],[49,7],[48,4],[45,-7],[37,-25],[31,-42],[28,-49],[29,-50],[33,-41],[38,-33],[40,-30],[40,-28],[42,-27],[42,-27],[41,-26],[42,-27],[41,-27],[42,-26],[43,-25],[42,-26],[42,-26],[40,-28],[39,-31],[37,-35],[31,-45],[11,-58],[6,-5],[78,-69],[18,-16],[19,3],[49,7],[20,1]],[[4123,4775],[28,3],[47,-1],[47,1],[49,6],[48,6],[47,-1],[42,-13],[36,-33],[31,-46],[30,-50],[31,-45],[37,-29],[43,-10],[48,2],[20,3]],[[4707,4568],[12,-88],[12,-140],[6,-147],[1,-84],[9,-172],[-31,-229],[6,-119],[-25,-88],[-54,-224],[-16,-95],[-26,-108],[-92,-61],[-166,-66]],[[4343,2947],[-109,58],[-73,-19],[-165,-80]],[[3996,2906],[11,201],[-169,-13],[-94,192],[-96,19],[-54,23],[-108,231],[-77,74],[-28,117],[26,122],[-17,126]],[[3277,3928],[-39,-69],[-70,-72],[17,-119],[-28,-82],[-55,36],[-92,-47],[-7,-81],[5,-92],[-57,-125],[-35,-149],[-46,-123],[-96,19],[-96,6],[-27,-82],[-48,-97],[-83,-47],[-93,-34],[-219,83]],[[2208,2853],[3,15],[11,57],[8,55],[-21,34],[-22,53],[-22,56],[-24,49],[-20,26],[-57,8],[-51,-8],[-48,-4],[-50,-7],[-46,0],[-41,16],[-33,35],[-29,46],[-27,52],[-26,51],[-26,49],[-24,55],[-25,52],[-28,42],[-37,24],[-45,3],[-50,-6],[-49,-6],[-47,0],[-46,0],[-48,2],[-50,8],[-37,-20],[-29,-43],[-24,-52],[-21,-55],[-18,-54],[-15,-55],[-12,-57],[-12,-56],[-11,-57],[-12,-56],[-15,-55],[-18,-52],[-23,-52],[-29,-49],[-31,-45],[-34,-37],[-40,-17],[-6,1],[-44,7],[-47,1],[-47,1],[-46,0],[-35,0],[-24,50],[-24,49],[-24,50],[-23,50],[-23,52],[-21,52],[-22,53],[-21,53],[-22,51],[-22,51],[-23,49],[-27,42],[-42,3],[2,53],[5,56],[7,59],[9,60],[9,60],[10,58],[12,46],[12,49],[0,64],[-7,59],[-21,36],[-49,-4],[-52,-8],[-46,2],[-20,49],[-13,61],[-15,58],[-25,39],[-47,0],[-52,-7],[-33,1],[28,42],[38,38],[39,42],[34,44],[24,48],[8,55],[0,61]],[[4707,4568],[29,4],[48,3],[46,0],[47,0],[46,0],[47,-1],[47,0],[46,0],[47,-1],[29,0],[18,0],[46,0],[47,0],[46,-1],[47,0],[47,0],[46,0],[47,-1],[46,0],[47,0],[47,0],[46,-1],[51,8],[40,-12],[27,-47],[21,-57],[12,-59],[-1,-32],[-1,-21],[-19,-51],[-28,-49],[-30,-49],[-27,-48],[-28,-47],[-28,-46],[-27,-47],[-24,-50],[-25,-58],[-23,-59],[-12,-51],[12,-30],[54,6],[51,4],[24,0],[23,-1],[47,0],[46,0],[51,5],[54,8],[49,2],[35,-14],[8,-40],[-13,-63],[-12,-66],[9,-58],[23,-67],[7,-17],[-77,-68],[-55,-73],[-27,-91],[-35,-64],[-48,-18],[-43,-28],[-73,-19],[-173,-133],[-163,-120],[-136,-37],[-154,-79]],[[5031,2734],[-60,129],[-99,85],[-74,-5],[-72,-46],[-69,-85],[-68,-125],[-96,-114],[-80,33],[-64,9],[-37,116],[13,148],[18,68]],[[3996,2906],[-15,-121],[37,-103],[14,-66],[-6,-93],[-37,-96],[-101,-88],[-78,-139],[6,-106],[-5,-121],[-36,-122]],[[3775,1851],[-81,-73],[-175,119],[-84,-6],[-72,-46],[-72,-32],[-94,-21],[-82,-60],[-94,-220],[-95,-7],[-56,62],[-126,-23],[-96,19],[-109,-155],[-132,-147]],[[2407,1261],[-14,60],[-13,60],[-27,35],[-11,56],[-10,59],[-15,55],[-26,46],[-32,41],[-36,37],[-37,37],[-36,38],[-34,41],[-38,41],[-37,42],[-14,21],[-17,23],[-19,46],[-1,53],[17,58],[25,56],[28,42],[52,-9],[26,40],[20,54],[16,58],[9,57],[-2,57],[-9,58],[-5,59],[4,57],[8,57],[10,58],[11,57],[8,42]],[[5031,2734],[-89,-126],[-25,-122],[-5,-107],[16,-119],[73,-260]],[[5001,2000],[-13,-81],[6,-119]],[[4994,1800],[-133,-76],[-149,14],[-84,-7],[-86,20],[-86,33],[-71,-59],[-60,-84],[-97,45],[-85,7],[-101,-101],[-79,-99],[-53,9],[-17,118],[-6,106],[-112,125]],[[5001,2000],[90,25],[125,82],[138,94],[113,33],[137,53],[158,212],[82,59],[99,-72],[85,-219],[76,-34],[96,-19],[88,-73],[59,-116],[-26,-108],[-91,-87],[-81,-60],[-165,-93],[-37,-109],[57,-75],[141,-69],[112,-111],[38,-117],[79,-313],[59,-116],[39,-143],[-89,-127],[-135,-37],[-97,32],[-103,-48],[-165,-92],[-83,-34],[-84,-6],[-167,-40],[-178,-40],[-84,-7],[-84,-20],[-84,-6],[-84,-20],[-84,-7],[-170,13],[-86,20],[-163,94],[-95,6],[-175,-94],[-119,44]],[[4143,255],[4,120],[26,122],[106,195],[100,114],[82,60],[173,120],[81,73],[80,86],[80,99],[78,126],[52,218],[-11,212]],[[4143,255],[-101,-101],[-168,-13],[-181,13],[-63,-5],[-83,-20],[-169,-13],[-84,-20],[-117,-77],[-25,-3],[-51,-7],[-54,-9],[-28,24],[-4,53],[4,63],[5,62],[5,60],[9,62],[4,57],[-16,33],[-53,-6],[-46,0],[-47,1],[-46,0],[-47,0],[-54,-7],[-8,36],[12,52],[15,55],[4,14],[13,42],[17,57],[15,58],[12,57],[6,57],[-4,57],[-12,58],[-15,56],[-16,57],[-17,58],[-22,53],[-28,38],[-42,11],[-50,-8],[-49,-5],[-52,-8],[-48,-3],[-36,20],[-21,47]]],"objects":{"layer1":{"type":"GeometryCollection","geometries":[{"arcs":[[0,1,2,3]],"type":"Polygon","properties":{"ID_":"IND021021903","NAME1_":"Gania","AreaLevel":4,"AreaGId":0,"Parent_Are":"IND0210219"}},{"arcs":[[4,5,6,7,-1]],"type":"Polygon","properties":{"ID_":"IND021021904","NAME1_":"Khandapara","AreaLevel":4,"AreaGId":0,"Parent_Are":"IND0210219"}},{"arcs":[[-3,8,9]],"type":"Polygon","properties":{"ID_":"IND021021902","NAME1_":"Dasapalla","AreaLevel":4,"AreaGId":0,"Parent_Are":"IND0210219"}},{"arcs":[[10,11,-6]],"type":"Polygon","properties":{"ID_":"IND021021901","NAME1_":"Bhapur","AreaLevel":4,"AreaGId":0,"Parent_Are":"IND0210219"}},{"arcs":[[-2,-8,12,13,14,-9]],"type":"Polygon","properties":{"ID_":"IND021021906","NAME1_":"Nuagaon","AreaLevel":4,"AreaGId":0,"Parent_Are":"IND0210110"}},{"arcs":[[-7,-12,15,16,17,-13]],"type":"Polygon","properties":{"ID_":"IND021021905","NAME1_":"Nayagarh","AreaLevel":4,"AreaGId":0,"Parent_Are":"IND0210219"}},{"arcs":[[18,19,-17]],"type":"Polygon","properties":{"ID_":"IND021021908","NAME1_":"Rampur","AreaLevel":4,"AreaGId":0,"Parent_Are":"IND0210219"}},{"arcs":[[-18,-20,20,-14]],"type":"Polygon","properties":{"ID_":"IND021021907","NAME1_":"Odagaon","AreaLevel":4,"AreaGId":0,"Parent_Are":"IND0210219"}}]}}}