{"type":"Topology","transform":{"scale":[0.00013762410596026507,0.0001694502585944627],"translate":[82.352943,20.006422]},"arcs":[[[2486,4295],[-82,-61],[-70,-4],[-131,20],[-125,-39],[-30,-60],[-18,-56],[-43,-38],[-54,-48],[-117,-7],[-50,33],[-76,60],[-88,58],[-85,22],[-81,-13],[-69,-13],[-69,-13],[-187,-11],[-41,-65],[-6,-55],[25,-134],[5,-54],[-41,-57],[-41,52],[-5,54],[-16,45],[-17,53],[-5,54],[-28,44],[-142,10],[-79,-32],[-104,-24],[-66,-40],[-68,-30],[17,-54],[50,-33],[52,-43],[-41,-65],[-67,-40],[-51,42],[-88,59],[-70,-23]],[[284,3789],[1,5],[-32,137],[-81,243],[-25,247],[9,288],[-105,171],[-34,218],[97,122],[70,43],[131,-100],[69,71],[127,-91],[71,-149],[88,-33],[234,16],[108,28],[14,200],[85,146],[142,86],[151,58],[168,97],[197,247],[135,165],[109,116],[-20,144],[-69,83],[129,130],[57,97],[28,-28],[57,-55],[61,-60],[40,-39],[13,-23],[21,-36],[21,-36],[21,-36],[21,-36],[22,-36],[22,-36],[24,-35],[25,-35],[22,-35],[16,-37],[12,-39],[8,-39],[6,-40],[4,-39],[3,-39],[2,-40],[1,-39],[2,-40],[2,-39],[3,-40],[5,-28],[2,-11],[8,-40],[2,-39],[-9,-38],[-16,-37],[-18,-38],[-15,-38],[-13,-38],[-12,-39],[-7,-39],[-1,-39],[6,-39],[7,-40],[4,-39],[1,-39],[-1,-40],[-1,-39],[0,-40],[0,-39],[-1,-40],[0,-39],[-2,-40],[-1,-39],[3,-40],[7,-39],[12,-38],[11,-39],[9,-39],[10,-43],[6,-41],[-4,-33],[-58,4],[-19,-27],[-4,-46],[8,-44]],[[2486,4295],[26,-25],[43,-8],[52,0],[41,10],[-11,-39],[-13,-40],[-13,-40],[-12,-40],[-11,-39],[-8,-37],[-5,-35],[53,0],[56,3],[59,5],[52,0],[34,-13],[6,-33],[-9,-45],[-4,-44],[16,-37],[26,-35],[28,-35],[20,-36],[8,-38],[0,-40],[-4,-40],[-4,-18],[-5,-21],[-13,-39],[-16,-38],[-18,-36],[-34,-22],[-23,-35],[-22,-37],[-24,-35],[-29,-33],[-35,-32],[-35,-31],[-26,-32],[-10,-36],[11,-38],[18,-40],[9,-39],[-5,-39],[-12,-39],[-13,-39],[-14,-38],[-15,-38],[-15,-37],[-16,-38],[-16,-37],[-17,-38],[-14,-38],[-12,-38],[-7,-39],[-5,-40],[-2,-39],[-2,-41],[0,-41],[9,-39],[12,-18],[10,-15],[33,-29],[40,-26],[41,-27],[38,-28],[16,-15]],[[2694,2236],[-98,10]],[[2596,2246],[-105,-5],[-87,40],[-59,6],[-61,23],[-40,52],[-51,43],[-119,11],[-79,86],[-64,60],[-73,23],[-70,-4],[-127,-25],[-68,-22],[-70,-13],[-71,5],[-69,-13],[-80,-22],[-68,-22],[-101,-51],[-80,-23],[-93,-14],[-68,-22],[-230,3]],[[663,2362],[1,2],[88,146],[-94,179],[-58,108],[-127,-90],[-79,119],[15,142],[-35,168],[-162,49],[-212,48],[68,143],[56,106],[130,97],[30,210]],[[2596,2246],[-121,-88],[-85,-86],[19,-80],[107,-130],[-25,-110],[-199,-119],[-10,-137],[-50,-93],[-26,-92],[42,-70],[105,-238],[67,-78],[123,-56]],[[2543,869],[32,-89],[-17,-73],[-196,-38],[-28,-74],[-90,-32],[-143,19],[-60,14],[-57,-21],[-84,14],[-52,51],[-18,71],[-73,23],[-75,-76],[-52,51],[-32,206],[-5,54],[-80,95],[-73,23],[-94,4],[-117,-6],[-83,4],[-84,22],[-112,67],[-77,68],[-97,30],[-115,-10]],[[661,1266],[-15,44],[-40,108],[20,154],[101,87],[-11,142],[-87,112],[-72,57],[-84,95],[112,140],[78,157]],[[2694,2236],[18,-15],[35,-34],[31,-35],[18,-35],[-6,-36],[-36,-44],[-27,-39],[50,30],[50,36],[50,28],[44,11],[40,-14],[39,-35],[38,-41],[35,-34],[30,-11],[16,26],[8,49],[14,47],[33,20],[50,1],[58,-5],[55,-4],[30,-14],[-5,-39],[-11,-41],[-18,-38],[-27,-34],[-36,-32],[-38,-31],[-32,-28],[13,-15],[58,-4],[45,8],[27,31],[21,39],[21,38],[29,28],[7,-1],[48,-3],[52,0],[54,3],[53,0],[24,-29],[13,-39],[11,-42],[23,-33],[11,-32],[5,-44],[-3,-40],[-22,-23],[-57,4],[-58,1],[-34,28],[-27,44],[-26,41],[-25,24],[-27,-7],[-31,-33],[-26,-45],[-13,-44],[5,-38],[19,-41],[29,-37],[36,-25],[46,-6],[57,5],[58,7],[51,-1],[39,-17],[30,-32],[22,-41],[14,-40],[3,-38],[-9,-39],[-16,-40],[-16,-38],[-17,-37],[-20,-37],[-21,-36],[-23,-36],[-30,-38],[-33,-41],[-34,-40],[-31,-38],[-24,-35],[-15,-31],[-1,-25],[19,-15],[-5,-16],[46,11],[57,2]],[[3602,867],[-146,-83],[-94,-5],[-96,22],[-61,23],[-50,34],[-75,41],[-111,57],[-55,78],[-94,4],[-199,-129],[-78,-40]],[[3602,867],[-18,-193],[-27,-83],[-85,-95],[-137,-44],[-152,-9],[-80,-22],[-118,-115],[-52,-67],[-41,-56],[-55,-169],[-46,50],[-197,28],[-194,25],[-184,-57],[-162,-60],[-101,26],[-136,98],[-159,42],[-126,-24],[-151,-25],[-146,88],[-188,29],[-229,30],[-217,44],[-5,89],[-81,112],[52,187],[-69,101],[7,86],[71,76],[38,48],[82,162],[-35,97]]],"objects":{"layer1":{"type":"GeometryCollection","geometries":[{"arcs":[[0,1]],"type":"Polygon","properties":{"ID_":"IND021032904","NAME1_":"Nawapara","AreaLevel":4,"AreaGId":0,"Parent_Are":"IND0210329"}},{"arcs":[[2,3,4,5,-1]],"type":"Polygon","properties":{"ID_":"IND021032903","NAME1_":"Komna","AreaLevel":4,"AreaGId":0,"Parent_Are":"IND0210329"}},{"arcs":[[-5,6,7,8]],"type":"Polygon","properties":{"ID_":"IND021032901","NAME1_":"Boden","AreaLevel":4,"AreaGId":0,"Parent_Are":"IND0210329"}},{"arcs":[[-4,9,10,-7]],"type":"Polygon","properties":{"ID_":"IND021032902","NAME1_":"Khariar","AreaLevel":4,"AreaGId":0,"Parent_Are":"IND0210329"}},{"arcs":[[-11,11,-8]],"type":"Polygon","properties":{"ID_":"IND021032905","NAME1_":"Sinapalli","AreaLevel":4,"AreaGId":0,"Parent_Are":"IND0210329"}}]}}}