{"type":"Topology","transform":{"scale":[0.00021512628735438066,0.00016802281879194653],"translate":[85.149635,19.457359]},"arcs":[[[3582,3865],[-36,-30],[-73,-42],[-52,-160],[38,-143],[-65,-69],[42,-70],[57,-78],[-19,-75],[-33,-75]],[[3441,3123],[-126,-47],[-48,-85],[-49,-68],[-64,59]],[[3154,2982],[3,83],[11,83],[-34,70],[-71,59],[-20,90],[-48,51],[26,75],[-27,81],[42,76],[-26,53],[-77,40],[-43,97]],[[2890,3840],[36,21],[131,101],[58,41],[46,-14],[60,4],[137,120],[11,65],[4,73],[23,121],[86,98],[-2,-101],[-11,-83],[4,-29],[8,-52],[25,-53],[75,-132],[26,-71],[-25,-84]],[[2515,3528],[67,5],[59,32],[33,85],[22,148],[11,83],[58,41],[125,-82]],[[3154,2982],[-151,16],[-45,-3],[-68,-15],[-58,-41],[-12,-55],[-9,-102],[-45,-42],[-125,-34],[-87,-53]],[[2554,2653],[-12,82],[25,84],[101,227],[-4,82],[-56,60],[-10,54],[-4,64],[-56,59],[-19,81],[-4,82]],[[3582,3865],[10,-54],[10,-45],[71,-50],[125,46],[80,-76],[68,-13],[65,50],[75,6],[71,-49],[60,-5],[93,24],[-6,-14],[7,-21],[36,2],[33,0],[35,2],[36,5],[36,3],[30,-5],[21,-19],[12,-36],[6,-44],[5,-43],[3,-42],[-1,-44],[4,-38],[18,-23],[38,1]],[[4623,3383],[-89,-141],[-58,-32],[-50,-16],[-75,-39],[-62,22],[-63,51],[-60,-5],[-57,-59],[-70,-97],[-129,18],[-66,-42],[-62,32],[-67,-14]],[[3715,3061],[-60,-5],[-61,23],[-82,-15],[-71,59]],[[4791,3536],[15,1],[34,-3],[17,-3],[18,-2],[34,-2],[33,-1],[33,0],[33,0],[33,0],[34,0],[21,0],[12,0],[36,3],[36,6],[32,-3],[19,-22],[8,-41],[5,-46],[12,-34],[27,-10],[2,1]],[[5285,3380],[-3,-18],[-27,-66],[4,-82],[-45,-67],[-69,-115],[-57,-68],[-64,-60],[-33,-85],[11,-211]],[[5002,2608],[-224,-89],[-119,-61],[-26,0],[-30,-14]],[[4603,2444],[-29,99],[-49,70],[-5,82],[36,39],[61,55],[-19,149],[71,70],[48,95],[49,67],[-4,82],[11,83],[25,85],[-7,116]],[[4623,3383],[30,19],[29,23],[1,17],[15,22],[22,32],[25,25],[28,13],[18,2]],[[4603,2444],[-31,-15],[-75,-26],[-126,-43],[-80,-20],[0,9],[66,32],[2,11],[-6,2],[-47,-24],[-45,-10],[-65,13],[-20,-8],[-3,-12],[27,-11],[14,-6],[33,1],[10,-17],[-201,-36],[-313,-87]],[[3743,2197],[20,99],[26,85],[4,73],[-27,80],[-12,73],[12,74],[2,100],[-12,73]],[[3756,2854],[-5,76],[-18,77],[-18,54]],[[2554,2653],[-11,-69]],[[2543,2584],[-41,-90],[-72,-60],[-67,-15],[-132,73],[-144,-87]],[[2087,2405],[-14,75],[-82,122],[-64,77],[3,83],[46,-15],[61,-14],[65,-2],[29,73],[12,65],[-4,73],[-3,55],[63,87],[52,13],[75,5],[19,75],[10,101],[33,85],[67,142],[60,23]],[[5285,3380],[34,4],[36,4],[35,5],[34,1],[26,-17],[23,-27],[21,-33],[19,-35],[11,-42],[21,-30],[13,-40],[14,-36],[20,-25],[32,-3],[36,6],[33,0],[25,7],[36,13],[27,10],[36,15],[26,10],[31,13],[49,-27],[-15,-38],[-12,-19],[-53,-36],[-167,-69],[-78,-33],[-132,-68],[-279,-197],[-33,-16],[-4,44],[-14,-13],[-8,-36],[-11,-21],[-33,-10],[-82,-33]],[[3756,2854],[-67,-14],[-109,-64],[-59,-22],[-52,-32],[-106,-117],[-71,-65],[-78,26],[-61,14],[-78,-29],[-61,-18],[-5,94],[-79,-14],[-81,8],[-37,-101],[-87,36],[-91,-6]],[[2634,2550],[-91,34]],[[3743,2197],[-31,-8],[-23,-7],[-183,-61],[-198,-81],[-48,-5],[-143,-54],[-143,-61],[-66,-39]],[[2908,1881],[9,31],[-5,92],[31,97],[-25,77],[-70,49],[-20,81],[-3,64],[-75,-15],[-50,-40],[-66,-33],[-58,-50],[-39,34],[74,161],[23,121]],[[2908,1881],[-38,-23],[-79,-23],[-258,-106],[-31,-12],[-224,-136],[-82,-64],[-78,-29],[-36,-48],[-27,-14]],[[2055,1426],[-1,29],[-25,3],[-183,-102],[-52,-30],[-56,-27],[-57,-24],[-71,-29],[-15,27],[114,119],[80,51],[81,43],[116,82],[26,84],[10,83],[18,84],[91,135],[-59,114],[-19,81]],[[2053,2149],[19,75],[11,74],[4,107]],[[2055,1426],[-157,-84],[-143,-95],[-148,-98],[-305,-161],[-102,-74],[-11,-8],[-151,-90],[-135,-115],[-74,-49],[-154,-134],[-282,-247],[-125,-126],[-84,-69],[-6,-6],[-67,-70],[-6,14],[-7,8],[-22,-2],[-24,-6],[-13,8],[-8,17],[-5,16],[-11,41],[-8,44],[-5,44],[-1,20],[-1,22],[1,36],[12,19],[40,-10],[34,6],[26,24],[24,29],[22,32],[19,34],[15,34],[8,39],[4,40],[3,40],[3,40],[0,40],[-2,40],[-3,40],[-4,39],[-4,39],[-5,40],[-1,6],[174,206],[17,66],[34,109],[51,22],[52,44],[85,109],[35,22],[119,66],[86,44],[102,131],[103,175],[86,66],[51,22],[120,44],[102,65],[138,142],[69,-13],[60,4],[59,14],[60,4],[61,8],[59,1],[138,-35]]],"objects":{"layer1":{"type":"GeometryCollection","geometries":[{"arcs":[[0,1,2,3]],"type":"Polygon","properties":{"ID_":"IND021022009","NAME1_":"Pipli","AreaLevel":4,"AreaGId":0,"Parent_Are":"IND0210220"}},{"arcs":[[4,-3,5,6]],"type":"Polygon","properties":{"ID_":"IND021022003","NAME1_":"Delang","AreaLevel":4,"AreaGId":0,"Parent_Are":"IND0210220"}},{"arcs":[[7,8,9,-1]],"type":"Polygon","properties":{"ID_":"IND021022008","NAME1_":"Nimapara","AreaLevel":4,"AreaGId":0,"Parent_Are":"IND0210220"}},{"arcs":[[10,11,12,13]],"type":"Polygon","properties":{"ID_":"IND021022005","NAME1_":"Kakatpur","AreaLevel":4,"AreaGId":0,"Parent_Are":"IND0210220"}},{"arcs":[[14,-14,15,16,17,-9]],"type":"Polygon","properties":{"ID_":"IND021022004","NAME1_":"Gop","AreaLevel":4,"AreaGId":0,"Parent_Are":"IND0210220"}},{"arcs":[[-7,18,19,20]],"type":"Polygon","properties":{"ID_":"IND021022006","NAME1_":"Kona","AreaLevel":4,"AreaGId":0,"Parent_Are":"IND0210220"}},{"arcs":[[21,-12]],"type":"Polygon","properties":{"ID_":"IND021022001","NAME1_":"Astarang","AreaLevel":4,"AreaGId":0,"Parent_Are":"IND0210220"}},{"arcs":[[-10,-18,22,23,-19,-6,-2]],"type":"Polygon","properties":{"ID_":"IND021022011","NAME1_":"Satyabadi","AreaLevel":4,"AreaGId":0,"Parent_Are":"IND0210220"}},{"arcs":[[-23,-17,24,25]],"type":"Polygon","properties":{"ID_":"IND021022010","NAME1_":"Puri Sadar","AreaLevel":4,"AreaGId":0,"Parent_Are":"IND0210220"}},{"arcs":[[-24,-26,26,27,28,-20]],"type":"Polygon","properties":{"ID_":"IND021022002","NAME1_":"Bramhagiri","AreaLevel":4,"AreaGId":0,"Parent_Are":"IND0210220"}},{"arcs":[[-28,29]],"type":"Polygon","properties":{"ID_":"IND021022007","NAME1_":"Krishnaprasad","AreaLevel":4,"AreaGId":0,"Parent_Are":"IND0210220"}}]}}}