{"type":"Topology","transform":{"scale":[0.00012542448847028268,0.00013500921718810846],"translate":[82.886589,18.931804]},"arcs":[[[6205,5297],[-116,-100],[-102,-17],[-213,17],[-74,13],[-138,-133]],[[5562,5077],[-112,0],[-140,-20],[-72,-62],[-120,-110],[-95,-96],[-146,-112],[-117,-29],[-129,10],[-174,40],[-129,-11],[-124,-8],[-71,-27]],[[4133,4652],[-95,45],[-43,80],[-76,30]],[[3919,4807],[13,28],[13,60],[6,62],[-4,49],[-15,48],[-15,49],[-3,49],[5,52],[12,51],[18,44],[50,6],[35,32],[24,45],[23,47],[27,45],[32,40],[36,38],[38,38],[36,38],[35,40],[31,43],[31,43],[33,40],[42,26],[60,-5],[19,40],[10,51],[7,52],[11,50],[15,48],[13,49],[6,49],[-4,48],[-10,49],[-15,49],[-17,48],[-18,48],[-21,47],[-24,44],[-47,13],[-14,46],[-14,47],[-13,48],[-12,48],[-11,49],[-12,49],[-11,50],[-12,49],[-13,49],[-14,48],[-16,48],[-27,46],[-26,46],[-15,45],[4,48],[18,51],[27,47],[33,36],[59,-5],[50,14],[37,36],[35,41],[30,44],[24,45],[11,53],[4,55],[13,44],[40,23],[64,3],[58,-15],[37,-34],[30,-46],[28,-47],[34,-39],[47,-16],[42,2],[17,1],[60,6],[60,4],[60,6],[55,-4],[45,-22],[36,-37],[33,-45],[32,-43],[41,-33],[48,-4],[-5,-45],[-7,-47],[-10,-50],[-12,-51],[-15,-50],[-16,-50],[-17,-47],[-23,-46],[-30,-43],[-33,-42],[-36,-35],[-25,-15],[23,-47],[29,-48],[35,-42],[42,-23],[55,-4],[61,6],[60,5],[61,6],[57,0],[44,-24],[38,-36],[35,-41],[33,-43],[31,-42],[30,-43],[28,-44],[22,-46],[14,-47],[7,-53],[-2,-52],[-9,-45],[-60,0],[11,-41],[14,-45],[16,-48],[20,-48],[21,-49],[5,-11],[17,-38],[23,-46],[27,-44],[35,-40],[38,-38],[32,-41],[21,-45],[14,-48],[11,-49],[8,-51],[8,-50],[9,-49],[11,-48],[30,-26],[20,-1]],[[6205,5297],[45,-4],[41,20],[21,47],[17,52],[21,46],[44,17],[63,-5],[64,7],[40,-18],[14,-45],[5,-55],[9,-51],[47,-10],[62,-7],[59,-4],[12,10],[31,10],[28,41],[21,50],[23,49],[43,19],[41,19],[15,49],[13,52],[18,46],[52,5],[60,-4],[63,-7],[60,-4],[50,8],[31,30],[11,55],[9,56],[25,37],[50,8],[121,-12],[30,-42],[31,-42],[29,-42],[26,-44],[19,-47],[14,-49],[15,-48],[34,-26],[57,-1],[57,0],[57,0],[56,0],[57,-1],[57,0],[57,0],[57,0],[57,0],[71,1],[172,24],[39,-22],[22,-47],[15,-53],[9,-48],[-46,-5],[-17,-40],[-3,-52],[-5,-50],[-25,-29],[-25,-29],[0,-50],[2,-52],[1,-51],[-1,-49],[-2,-50],[2,-49],[4,-50],[7,-51],[12,-48],[24,-44],[31,-42],[37,-40],[41,-37],[43,-31],[49,-17],[60,6],[35,-8],[-36,-36],[-41,-37],[-38,-40],[-31,-41],[-19,-47],[-8,-54],[0,-50],[26,-28],[35,-12],[-12,-46],[-19,-50],[-23,-50],[-23,-45],[-27,-44],[-28,-43],[-24,-45],[-21,-48],[-20,-50],[-14,-47],[13,-26],[44,-27],[31,-41],[29,-44],[26,-45],[21,-47],[12,-52],[13,-49],[9,-16]],[[8671,3289],[-181,-68]],[[8490,3221],[-57,158],[-174,263],[-153,140],[-116,90],[-111,182],[-120,62],[-117,5],[-399,-22],[-125,-64],[-176,-66],[-3,-137],[57,-65],[-98,-74],[-63,-26],[-77,-4],[-124,107],[-96,74],[-90,-16]],[[6448,3828],[19,103],[-47,100],[-106,40],[-117,5],[-159,59],[-72,99],[44,105],[-46,100],[-132,38],[-45,89],[-6,79],[-58,88],[-56,54],[-88,55],[-17,235]],[[6448,3828],[-196,-136],[-82,-118],[-6,-92],[-20,-81],[-13,-182],[106,-211]],[[6237,3008],[-110,-41],[-90,-33],[-120,-45],[-75,-38],[-75,-38]],[[5767,2813],[-179,48],[-107,38],[-116,4],[-87,-39],[-150,-55],[-115,-8],[-117,4],[-94,40],[-56,64],[58,72],[71,73],[-19,78],[-108,50],[-198,55]],[[4550,3237],[-88,119],[-99,108],[-71,74],[15,126],[41,128],[-10,113],[-99,107],[-149,81],[-75,120],[42,116],[79,130],[3,114],[-6,79]],[[4550,3237],[-86,-51],[-151,-66],[-143,36],[-137,-54],[-83,-85],[-16,-114],[112,-107],[44,-54],[25,-146],[-42,-116]],[[4073,2480],[-115,-7],[-97,-75],[-75,-27],[-89,-17],[-75,-28],[-243,-15],[-92,17],[-77,-5],[-78,6],[-182,22]],[[2950,2351],[-8,91],[56,94],[72,73],[27,59],[36,251],[18,92],[20,70],[43,105],[28,115],[-35,111],[-110,84],[-146,47],[-140,-20],[-93,28],[-49,122],[-53,53]],[[2616,3726],[1,47],[-7,50],[-16,52],[-14,49],[8,32],[59,5],[38,35],[36,40],[34,40],[35,41],[33,40],[33,42],[32,41],[33,39],[31,28],[-3,53],[-4,53],[6,45],[55,0],[37,25],[10,28],[9,24],[11,54],[-3,43],[-61,-3],[-16,6],[-24,8],[-4,49],[8,57],[17,48],[47,9],[62,-5],[57,0],[57,0],[57,0],[57,-1],[57,0],[56,0],[59,-3],[62,-7],[56,1],[40,25],[25,45],[20,52],[25,45],[48,24],[59,-13],[28,-47],[21,-61],[17,-50],[16,-11],[3,7]],[[2950,2351],[-67,-117],[-8,-69],[31,-202],[5,-68],[-7,-69],[19,-67],[33,-88]],[[2956,1671],[-129,3],[-74,-39],[-70,-84],[-68,-106],[-97,-75],[-72,-61],[-75,-28],[-103,-6],[-78,6],[-218,-3],[-122,-87],[-84,-73],[-28,-57],[-106,-31],[-75,-28],[-134,-88],[-17,-103],[-131,14],[-100,119],[-46,88],[-89,130],[-97,85],[-33,88],[6,80],[-22,101],[-123,83],[-192,-12],[-114,-30],[-104,16],[-340,182],[6,0],[4,45],[-2,51],[-2,52],[1,19],[2,31],[7,49],[7,50],[4,49],[4,52],[2,51],[-4,47],[-41,14],[-7,46],[-2,52],[6,51],[15,47],[23,46],[29,44],[29,42],[43,25],[38,38],[37,39],[37,38],[41,33],[59,2],[33,21],[5,48],[0,53],[8,51],[22,45],[28,44],[28,43],[24,45],[23,50],[20,50],[12,46],[-32,15],[-34,26],[-13,46],[-10,50],[-9,51],[-8,51],[-10,50],[-12,48],[-40,18],[-29,38],[-23,47],[-24,47],[-27,41],[-30,12],[31,37],[37,40],[40,40],[39,38],[44,24],[36,41],[36,42],[38,37],[43,27],[51,11],[58,-2],[61,-6],[58,-4],[60,-4],[34,34],[30,43],[27,45],[28,45],[33,41],[35,39],[35,40],[31,41],[22,46],[12,53],[12,51],[24,37],[57,15],[64,-8],[31,-33],[14,-49],[11,-55],[19,-45],[57,1],[19,-43],[13,-49],[14,-51],[21,-47],[25,-48],[28,-46],[32,-39],[42,-24],[57,-1],[61,7],[61,5],[63,6],[40,-20],[23,-42],[14,-51],[9,-53],[4,-52],[-7,-55],[-3,-50],[17,-34],[62,8],[55,-9],[35,-36],[31,-44],[29,-45],[34,-40],[60,-1],[55,1],[3,42],[-9,53],[-10,53],[28,23],[57,0],[61,4],[36,-23],[10,-49],[7,-53],[12,-47],[44,7],[10,47],[6,51],[0,5]],[[8490,3221],[-245,-92],[-176,-77],[-193,-182],[-111,-74],[-82,-107],[-19,-104],[-212,-102],[-117,16],[-59,99],[-43,55],[-120,50],[-66,19],[-104,6],[-115,-18],[-349,-7]],[[6479,2703],[-97,97],[-60,110],[-85,98]],[[8671,3289],[14,-23],[58,1],[58,1],[57,0],[57,0],[57,-1],[61,6],[59,2],[39,-26],[31,-41],[24,-48],[19,-50],[11,-48],[3,-50],[-4,-51],[-5,-23],[-6,-25],[-16,-49],[-21,-48],[-26,-44],[-49,-15],[-21,-23],[11,-47],[16,-52],[11,-51],[6,-53],[4,-54],[-5,-47],[-34,-18],[-66,7],[-39,-31],[-36,-40],[-32,-43],[-28,-45],[-22,-47],[-18,-53],[-8,-50],[7,-37],[66,8],[33,-37],[29,-47],[19,-50],[2,-46],[-21,-43],[-36,-41],[-37,-42]],[[8893,1775],[-134,165],[-117,5],[-113,-41],[-141,-201],[-102,-17],[-190,-56],[-115,-17],[-78,7],[-105,28],[-120,50]],[[7678,1698],[-70,65],[-76,155],[-59,111],[-87,75],[-101,17],[-114,-40],[-76,-16],[-117,5],[-119,39],[-85,98],[-59,99],[-143,186],[-93,211]],[[5767,2813],[24,-68],[129,-164],[90,-177],[114,-313],[40,-99],[96,-178],[21,-101],[-8,-69],[-211,-178]],[[6062,1466],[-48,77],[-89,-17],[-10,139],[-57,77],[-44,-130],[-198,-3],[-51,-77],[96,-108],[-6,-16]],[[5655,1408],[-72,0],[-77,-5],[-80,29],[-154,-10],[-90,5],[-80,29],[-19,67],[-5,68],[-96,62],[-134,59],[-44,66],[-32,66],[5,91],[7,68],[-43,54],[-31,67],[-97,73],[-31,66],[-140,127],[-93,28],[-90,6],[-95,51],[-91,5]],[[7678,1698],[-19,-92],[19,-90],[-14,-160],[-80,-141],[-76,-15],[-219,-12],[-105,-29],[-112,-188],[-129,-7],[-5,-103],[17,-56],[-63,-26],[-117,16],[-115,-29],[-57,-111]],[[6603,655],[-48,31],[-147,75],[-39,154],[-90,128],[-127,88],[-3,109],[-108,128],[-72,53],[93,45]],[[5655,1408],[-40,-106],[-105,-75],[-56,-62],[-168,-72],[-46,87],[-49,-72],[-12,-136],[-76,-137],[-104,-118],[-159,35],[70,162],[34,99],[-143,-20],[-40,164],[-154,78],[-36,-169],[3,-173],[-5,-169],[-119,19],[-30,-169],[7,-209],[-134,-24],[-87,134],[-132,61],[-45,114],[-72,6],[-48,122],[-87,119],[-95,51],[-134,60],[-58,75],[-73,126],[-69,36],[-77,-5],[-84,-74],[-17,-103],[-90,-312],[6,-68],[-20,-69],[-7,-69],[-44,-82],[-120,-110],[-56,-95],[-87,-39],[-93,28],[18,92],[-12,147],[-6,67],[-7,79],[-27,169],[-13,147],[19,80],[48,49],[122,76],[122,76],[47,60],[46,59],[19,81],[-19,78],[-32,66],[-73,98]],[[8893,1775],[-25,-44],[-18,-54],[-11,-56],[5,-44],[33,-18],[65,9],[65,5],[39,-25],[25,-45],[20,-52],[24,-46],[60,-6],[-9,-30],[-24,-27],[-12,-14],[-39,-44],[-25,-46],[-1,-46],[17,-50],[28,-48],[32,-39],[63,5],[24,-33],[8,-57],[-4,