{"type":"Topology","transform":{"scale":[0.0001569591700133876,0.00015278113339552209],"translate":[83.82757499999998,20.884609]},"arcs":[[[4839,5696],[-81,-59],[-48,0],[-33,50],[-48,16],[-93,18],[-16,80],[-36,78],[-162,111],[-78,-65],[-66,56],[-80,-45],[-109,84],[-57,-61],[-83,-8],[-6,90],[35,93],[-183,120],[-139,62],[-95,34],[-97,65]],[[3364,6415],[36,82],[25,82],[7,51],[-6,90],[10,162],[25,92],[15,81],[-4,60],[-13,50],[-88,75],[-93,4],[-206,-12],[-14,-92],[-37,-72],[-90,-46],[-92,-16],[-82,-5],[-40,34],[-60,40],[19,37],[15,44],[14,45],[17,41],[19,40],[17,40],[15,42],[11,43],[7,44],[9,43],[20,26],[-10,41],[-12,44],[-8,44],[1,15],[2,29],[8,48],[15,44],[23,31],[43,2],[52,-9],[39,13],[27,33],[24,41],[7,13],[17,27],[29,30],[45,1],[48,-6],[48,-3],[31,25],[26,37],[24,40],[26,37],[36,17],[42,10],[37,24],[36,27],[36,28],[36,28],[36,27],[36,26],[38,25],[37,26],[37,26],[35,27],[33,30],[26,37],[23,41],[25,38],[30,28],[44,14],[52,0],[42,-14],[23,-30],[14,-43],[12,-47],[20,-40],[27,-35],[31,-33],[30,-34],[27,-35],[23,-38],[19,-40],[4,-11],[11,-31],[10,-42],[5,-44],[2,-45],[0,-45],[0,-45],[1,-43],[2,-43],[12,-32],[30,-20],[8,-43],[7,-45],[9,-44],[15,-42],[18,-42],[12,-42],[-3,-41],[-16,-42],[-12,-23],[-10,-18],[-19,-39],[9,-26],[-13,-41],[-15,-43],[-14,-42],[-13,-45],[-15,-48],[-7,-42],[10,-28],[52,5],[50,1],[50,0],[-2,-49],[-6,-45],[-9,-44],[-13,-44],[-13,-45],[-17,-42],[-24,-32],[-40,-7],[-51,7],[-55,4],[-42,-1],[22,-21],[33,-25],[39,-27],[42,-28],[43,-27],[40,-24],[33,-12],[-1,-43],[-4,-46],[2,-45],[13,-41],[21,-40],[20,-41],[9,-41],[-2,-45],[-10,-46],[-15,-40],[-42,-10],[2,-21],[25,-33],[31,-36],[33,-36],[31,-35],[31,-33],[32,-34],[31,-32],[29,-32],[1,-20],[27,-35],[29,-36],[32,-34],[33,-29],[39,-16],[14,2]],[[4839,5696],[33,2],[47,4],[46,-1],[45,0],[46,1],[48,5],[11,-313],[47,-77],[37,-89],[-15,-81],[-80,-45],[-72,-5],[-166,11],[-94,14],[-91,-26],[-88,-75],[-80,-45],[-82,-5],[-81,-6],[-94,-5],[-69,-54]],[[4187,4906],[-45,57],[58,64],[16,71],[-89,96],[-93,-6],[-68,-65],[-24,59],[-87,55],[-94,15],[-84,25],[-236,-14],[-77,-95],[-92,-6],[-99,84],[-193,109],[-86,46]],[[2894,5401],[4,100]],[[2898,5501],[92,167],[61,175],[76,95],[73,145],[46,83],[72,165],[46,84]],[[2894,5401],[-64,-115],[-28,-52],[-97,-96],[-135,-149],[-46,-84],[-55,-93],[-89,-66],[-65,-105]],[[2315,4641],[-149,-99]],[[2166,4542],[-204,128],[-94,5],[-194,129],[-105,24],[-90,-46],[-48,-97],[-87,-42],[-149,-100],[-54,37]],[[1141,4580],[15,92],[40,173],[-38,98],[-45,68],[-114,154],[-37,88],[-6,91],[-15,79],[35,93],[173,40],[146,-21],[96,-44],[72,-6],[79,55],[88,76],[63,-17],[86,-45],[95,-34],[98,76],[85,-25],[87,-65],[23,-49],[27,-89],[72,-146],[94,-25],[123,169],[51,13],[114,102],[93,51],[92,6],[65,-37]],[[4187,4906],[26,-79],[26,-79],[65,-37],[276,-114],[98,-84],[-47,-63],[-81,-35],[-91,-26],[-99,-66],[-17,-52],[-15,-81],[6,-90],[13,-50],[-4,-80],[-31,-163],[-88,-79],[-45,-90],[26,-89],[-10,-162],[-50,-174],[-14,-101]],[[4131,3112],[-80,-35],[-239,-135],[-143,-29],[-62,6],[-96,35],[-89,95],[-15,69],[-5,91],[-44,86],[-87,6],[-20,-162],[26,-79],[37,-88],[35,-68],[17,-90],[-93,-5],[-66,66],[-47,88],[-112,124]],[[3048,3087],[-57,87],[-67,76],[-58,87],[-103,4],[-90,-46],[-105,24],[-85,35],[-92,-16],[-73,6],[-57,87],[-47,88],[-78,86],[-37,88],[-36,78],[45,93],[90,46]],[[2198,3910],[174,31],[112,17],[37,62],[-65,57],[-178,29],[4,91],[91,35],[92,6],[51,13],[38,53],[-96,44],[-94,15],[-77,75],[12,122],[16,81]],[[2166,4542],[-53,-134],[-69,-45],[-91,-35],[-35,-93],[-37,-62],[-62,-4],[-83,5],[-61,-4],[-142,-39],[-72,-14],[-88,-66],[-24,-112],[-184,-148],[-68,-98],[-40,-174],[-26,-82],[-32,-133],[-103,-167],[-57,-74],[-126,-118],[-66,-94],[-28,-52],[-53,-134],[-4,-91],[-44,-113],[-81,-25]],[[437,2436],[-76,55],[-6,91],[-14,210],[4,91],[-14,59],[-37,88],[-27,89],[-24,49],[-45,68],[-78,86],[14,91],[170,81],[18,51],[7,51],[-30,129],[-15,79],[-26,79],[-36,78],[-58,88],[-86,55],[-78,85],[71,25],[216,13],[81,15],[83,5],[81,15],[83,5],[81,15],[93,5],[171,61],[69,55],[55,104],[57,73]],[[2198,3910],[-14,60],[-85,35],[-104,13],[-70,-44],[-37,-63],[-92,-166],[-102,-177],[57,-77],[47,-88],[-15,-91],[-189,-102],[-78,-75],[-25,-82],[31,-159],[32,-169],[-56,-94],[-79,-55],[-78,-76],[-41,-153],[-78,-75],[-103,-147],[-45,-103],[-89,-66],[-25,-92],[97,-53],[33,-40],[96,-34],[43,-38],[49,-108]],[[1278,1591],[-68,-215],[-37,-33],[-35,-31],[-73,-59]],[[1065,1253],[-4,16],[-8,43],[-7,44],[-2,19],[-4,25],[-7,43],[-10,43],[-14,42],[-17,44],[-23,42],[-27,34],[-35,19],[-44,1],[-49,-7],[-49,-6],[-44,6],[-35,23],[-32,33],[-29,38],[-30,34],[36,55],[15,81],[25,92],[-50,128],[-34,48],[-77,76],[-47,78],[-26,89]],[[3048,3087],[-43,-124],[-7,-50],[6,-91],[-35,-92],[-15,-92],[-26,-82],[-44,-103],[-39,-43],[-88,-75]],[[2757,2335],[-95,34],[-61,-14],[-89,-55],[-35,-93],[-11,-151],[-4,-91],[-36,-93],[-88,-66],[-92,-15],[-91,-26],[-164,-20],[-83,-5],[-81,-15],[-83,-5],[-172,-50],[-163,-30],[-131,-49]],[[4131,3112],[152,49],[95,-34],[129,-83],[78,-76],[47,-87],[77,-227],[15,-79],[26,-79],[19,-120],[67,-86],[96,-45],[90,56],[164,161],[38,52],[92,167],[79,65],[91,25],[96,-44],[47,-88],[103,-144],[169,-60],[47,-88],[28,-109],[-62,-4],[-90,-35],[-56,-94],[-15,-92],[17,-89],[54,-142],[-6,5],[-41,10],[-48,-6],[-46,0],[-45,0],[-46,0],[-48,6],[-34,-24],[-31,-32],[-29,-35],[-26,-37],[-24,-38],[-19,-39],[-17,-41],[-15,-42],[-14,-41],[-14,-42],[-12,-42],[-13,-42],[33,-44],[27,-36],[28,-35],[45,-29],[-57,-7],[-46,0],[-45,1],[-46,0],[-45,0],[-46,0],[-45,0],[-46,1],[-45,0],[-46,0],[-45,0],[-46,0],[-45,0],[-46,1],[-32,0],[-13,0],[-46,0],[-45,0],[-46,1],[-47,3],[-48,5],[-47,4],[-45,-1],[-42,-7],[-37,-19],[-29,-35],[-27,-40]],[[4276,1105],[-67,60],[-188,29],[7,51],[-7,100],[-183,120],[-70,-35],[-76,-105],[-123,-7],[-15,59],[64,125],[-6,90],[50,33],[48,53],[-36,79],[-58,87],[77,95],[-25,59],[-52,7],[-93,-6],[-69,-45],[66,-66],[-53,-134],[-55,-104],[-80,-45],[-45,58],[81,93],[-127,-16],[-25,59],[70,35],[-6,90],[-84,25],[-69,61],[-92,30],[-51,-13],[-61,-4],[5,71],[27,62],[-147,41],[-51,138]],[[4276,1105],[-29,-37],[-34,-24],[-43,-6],[-46,5],[-49,7],[-47,2],[-43,-9],[-43,-17],[-43,-21],[-43,-24],[-38,-27],[-33,-29],[-24,-31],[-7,-41],[11,-49],[20,-44],[36,-17],[50,6],[-6,-32],[-20,-41],[-27,-43],[-27,-37],[-47,3],[-45,-1],[-25,-36],[-20,-43],[-21,-42],[-13,-14],[-15,-15],[-39,-11],[-48,4],[-49,6],[-46,1],[-45,0],[-46,1],[-46,1],[-49,6],[-47,3],[-40,-10],[-30,-27],[-26,-37],[-23,-41],[-25,-39],[-28,-35],[-29,-33],[-29,-34],[-29,-34],[-27,-35],[-26,-37],[-25,-37],[-26,-36],[-37,-24],[-24,22],[-11,44],[-11,45],[-15,39],[-47,0],[-19,35],[-16,42],[-15,43],[-17,42],[-18,42],[-18,43],[-22,37],[-31,22],[-51,-8],[-30,27],[-21,41],[-20,43],[-24,36],[-36,16],[-48,-4],[-48,-4],[-51,-7],[-42,5],[-25,31],[-17,41],[-14,46],[-11,44],[-5,44],[-2,45],[-4,43],[-30,22],[-32,33],[-30,35],[-31,33],[-34,28],[-38,17],[-46,-1],[-48,-5],[-45,-1],[-46,1],[-46,0],[-45,0],[-46,0],[-45,0],[-38,1],[-8,0],[-45,0],[-46,0],[-45,0],[-46,0],[-45,1],[-49,-6],[-35,18],[-28,34],[-24,39],[-20,41],[-15,42],[-6,26]]],"objects":{"layer1":{"type":"GeometryCollection","geometries":[{"arcs":[[0,1]],"type":"Polygon","properties":{"ID_":"IND021010801","NAME1_":"Bamra","AreaLevel":4,"AreaGId":0,"Parent_Are":"IND0210108"}},{"arcs":[[-1,2,3,4,5]],"type":"Polygon","properties":{"ID_":"IND021010805","NAME1_":"Kuchinda","AreaLevel":4,"AreaGId":0,"Parent_Are":"IND0210108"}},{"arcs":[[-5,6,7,8,9]],"type":"Polygon","properties":{"ID_":"IND021010809","NAME1_":"Rengali","AreaLevel":4,"AreaGId":0,"Parent_Are":"IND0210108"}},{"arcs":[[-4,10,11,12,13,-7]],"type":"Polygon","properties":{"ID_":"IND021010803","NAME1_":"Jamankira","AreaLevel":4,"AreaGId":0,"Parent_Are":"IND0210108"}},{"arcs":[[-9,14,15]],"type":"Polygon","properties":{"ID_":"IND021010802","NAME1_":"Dhankauda","AreaLevel":4,"AreaGId":0,"Parent_Are":"IND0210108"}},{"arcs":[[-8,-14,16,17,18,-15]],"type":"Polygon","properties":{"ID_":"IND021010806","NAME1_":"Manesar","AreaLevel":4,"AreaGId":0,"Parent_Are":"IND0210108"}},{"arcs":[[-13,19,20,-17]],"type":"Polygon",