{"type":"Topology","transform":{"scale":[0.00012949832999331983,0.00011498410998036068],"translate":[83.490112,20.518848]},"arcs":[[[2939,5451],[16,34],[27,52],[31,44],[45,20],[60,-9],[57,2],[18,2],[40,5],[52,-9],[42,-34],[37,-46],[35,-49],[38,-45],[43,-30],[53,-8],[59,8],[60,10],[53,-3],[42,-25],[34,-45],[27,-56],[21,-58],[17,-56],[12,-56],[9,-58],[4,-33],[3,-25],[8,-58],[9,-58],[5,-21],[8,-35],[18,-55],[24,-55],[30,-51],[33,-46],[43,-23],[59,7],[55,-1],[55,0],[56,0],[55,0],[55,-1],[9,0]],[[4396,4586],[16,-222],[32,-118],[119,-113],[-32,-82],[-88,-6],[-113,19],[-46,-70],[20,-132],[88,-7],[89,-21],[6,-93],[-21,-69],[7,-119],[70,-116],[69,-40],[85,-30],[44,-104],[-105,-127],[20,-119],[31,-92],[-47,-56],[-115,46],[-113,-8],[-42,-123],[60,-200]],[[4430,2584],[-18,2],[-57,4],[-17,0],[-38,0],[-55,0],[-55,0],[-56,1],[-55,0],[-55,0],[-55,0],[-55,1],[-55,0],[-56,0],[-55,0],[-55,1],[-55,0],[-31,0]],[[3607,2593],[-157,77],[-119,112],[-117,72],[-219,93],[-89,34]],[[2906,2981],[-5,80],[-57,116],[-30,78],[-32,119],[25,202],[43,110],[-7,89],[19,125],[-32,118],[-14,227],[18,121],[60,258],[55,124],[78,152],[18,121],[14,51],[11,94],[-29,73],[-42,67],[-24,67],[-36,78]],[[2019,5203],[19,20],[17,60],[14,65],[25,47],[50,20],[62,-3],[50,-24],[37,-39],[33,-49],[29,-53],[24,-54],[12,-60],[3,-65],[10,-55],[33,-32],[62,-7],[59,15],[36,36],[26,55],[24,58],[29,48],[50,11],[60,-10],[37,34],[29,48],[26,55],[26,54],[28,52],[10,21]],[[2906,2981],[-113,-8],[-164,30],[-101,6],[-76,22],[-65,36],[-91,61],[-164,216],[-115,46],[-214,12],[-91,61],[-116,59],[-115,246]],[[1481,3768],[113,-19],[111,34],[101,-20],[101,-6],[61,30],[95,74],[113,7],[96,60],[36,229],[-91,61],[-32,118],[-18,93],[-199,174],[-32,118],[83,482]],[[1481,3768],[-158,-77]],[[1323,3691],[-149,-23],[-112,-21],[-77,35],[-117,72],[-76,22],[-103,-12],[-99,25],[-220,-81],[-63,9],[-90,34],[-81,102],[-56,90],[-80,190],[23,474],[44,0],[55,-1],[56,-2],[58,-8],[54,2],[21,10],[26,13],[43,34],[40,40],[40,44],[39,43],[40,41],[38,44],[38,45],[38,42],[41,37],[48,17],[59,-10],[48,21],[42,37],[41,42],[41,42],[42,38],[46,27],[53,6],[57,-6],[57,-5],[55,0],[36,0],[19,0],[55,-1],[55,0],[56,0],[22,0],[33,0],[55,-1],[55,0],[55,0],[56,0],[55,-1],[59,-7],[30,7],[30,-14],[51,6],[14,14]],[[4396,4586],[46,0],[55,0],[55,0],[56,-1],[55,0],[55,0],[55,0],[58,7],[56,1],[46,-22],[41,-37],[38,-44],[37,-46],[37,-45],[37,-29],[5,-57],[2,-60],[7,-59],[13,-58],[16,-61],[22,-55],[30,-40],[51,-7],[61,9],[58,5],[59,6],[44,-21],[29,-48],[24,-58],[26,-54],[36,-36],[62,11],[38,-29],[26,-50],[22,-56],[21,-57],[21,-55],[18,-58],[19,-55],[24,-46],[56,-1],[19,-51],[13,-60],[13,-59],[30,-29],[-71,0],[-56,1],[-55,0],[-55,1],[-57,5],[-57,6],[-57,4],[-54,-3],[-51,-12],[-46,-27],[-41,-40],[-40,-45],[-40,-43],[-44,-35],[-49,-16],[-58,7],[-58,9],[-51,-13],[-46,-27],[-45,-34],[-43,-38],[-42,-40],[-43,-39],[-42,-38],[-39,-44],[-39,-45],[-40,-41],[-42,-33],[-48,-21],[-53,-5],[-57,4],[-39,5]],[[3607,2593],[-24,0],[-40,0],[-70,1],[-56,0],[-55,0],[-55,1],[-56,5],[-56,2],[-51,-15],[-50,-25],[-48,-30],[-48,-31],[-48,-31],[-48,-29],[-50,-25],[-50,-19],[-54,-7],[-57,4],[-57,8],[-57,6],[-53,-3],[-50,-17],[-49,-27],[-47,-34],[-45,-38],[-40,-42],[-37,-43],[-26,-48],[-15,-57],[-11,-59],[-13,-58],[-13,-56],[-13,-57],[-13,-56],[-6,-26]],[[2146,1787],[-251,98],[-103,60],[-32,105],[44,109],[72,45],[96,73],[40,164],[67,124],[-41,64],[-63,10],[-87,-6],[-112,-21],[-115,32],[-100,7],[-111,-34],[-101,20],[-211,173]],[[1138,2810],[30,122],[-6,107],[30,122],[46,107],[89,143],[17,134],[-21,146]],[[2146,1787],[-7,-31],[-13,-56],[-15,-57],[-15,-55],[-18,-55],[-21,-54],[-23,-53],[-25,-52],[-29,-51],[-31,-50],[-32,-49],[-31,-50],[-28,-51],[-23,-51],[-18,-53],[-8,-55],[5,-58],[12,-61],[15,-60],[13,-60],[6,-58],[-7,-53],[-20,-50],[-27,-48],[-31,-46],[-36,-45],[-39,-44],[-41,-43],[-42,-42],[-42,-41],[-41,-41],[-40,-40],[-42,-40],[-44,-38],[-46,-35],[-47,-29],[-50,-22],[-52,-10],[-58,3],[-59,8],[-1,204],[7,94],[18,121],[41,150],[67,125],[163,211],[98,234],[112,221],[18,108],[-106,100],[-19,119],[-72,142],[-103,47],[-7,120],[6,107],[-16,66],[-89,20],[-111,-34],[-70,116],[-19,119],[-65,36],[-58,130],[18,108],[109,60],[121,75]]],"objects":{"layer1":{"type":"GeometryCollection","geometries":[{"arcs":[[0,1,2,3,4]],"type":"Polygon","properties":{"ID_":"IND021010906","NAME1_":"Ullunda","AreaLevel":4,"AreaGId":0,"Parent_Are":"IND0210109"}},{"arcs":[[5,-5,6,7]],"type":"Polygon","properties":{"ID_":"IND021010901","NAME1_":"Binaka","AreaLevel":4,"AreaGId":0,"Parent_Are":"IND0210109"}},{"arcs":[[-8,8,9]],"type":"Polygon","properties":{"ID_":"IND021010903","NAME1_":"Dungaripali","AreaLevel":4,"AreaGId":0,"Parent_Are":"IND0210109"}},{"arcs":[[10,-2]],"type":"Polygon","properties":{"ID_":"IND021010902","NAME1_":"Birmaharajpur","AreaLevel":4,"AreaGId":0,"Parent_Are":"IND0210109"}},{"arcs":[[-9,-7,-4,11,12,13]],"type":"Polygon","properties":{"ID_":"IND021010904","NAME1_":"Sonepur","AreaLevel":4,"AreaGId":0,"Parent_Are":"IND0210109"}},{"arcs":[[-13,14]],"type":"Polygon","properties":{"ID_":"IND021010905","NAME1_":"Tarva","AreaLevel":4,"AreaGId":0,"Parent_Are":"IND0210109"}}]}}}