{"type":"Topology","transform":{"scale":[0.00018044234945705875,0.00015746235842771484],"translate":[83.53952,21.591423]},"arcs":[[[1620,4626],[40,168],[243,179],[147,45],[194,12],[214,59],[220,204],[51,190],[89,219],[-67,174],[-131,128],[709,-402],[48,-171],[97,-185],[192,-194],[54,-6]],[[3720,5046],[-3,-194],[-34,-41],[-86,92],[-75,53],[-31,-80],[32,-86],[-13,-79],[-33,-51],[-126,-145],[-43,-42],[-43,-22],[-65,-11],[-91,59],[-38,36],[-68,84],[-47,36],[-45,6],[-4,-88],[41,-95],[109,-158],[21,-48],[-49,-91],[-81,5],[-78,-45],[-78,-54]],[[2792,4087],[-80,-15],[-63,-4],[-65,35],[-75,53],[-82,24],[-80,-15],[-126,11]],[[2221,4176],[40,80],[-75,44],[-72,5],[-57,-92],[-81,-5],[-13,77],[12,89],[-85,82],[-58,31],[-132,86],[-80,53]],[[6620,5315],[55,5],[133,37],[203,-19],[345,139],[130,-55],[82,-114],[82,92],[93,157],[90,-30],[244,69],[160,48],[114,154],[95,-70],[-1,-174],[73,-196],[26,-142],[-34,-103],[66,-258],[58,-152]],[[8634,4703],[-48,10],[-81,-6],[-32,-51],[-143,-166],[-53,-13],[-82,4],[-50,-52],[-52,-42],[-53,-14],[-54,-3],[-71,-15],[-71,-5],[-199,26]],[[7645,4376],[100,124],[156,98],[-41,85],[-156,58],[-79,-35],[-56,36],[-67,73],[-92,33],[-80,18],[2,84],[-60,94],[-65,44],[-82,14],[-53,-4],[-76,-83],[-5,-78],[13,-58],[-42,-61],[-68,-54],[-81,-5],[-32,86],[22,89],[-41,85],[-67,64],[-32,100],[-43,132]],[[5135,5055],[39,21],[129,109],[-13,113],[152,33],[206,29],[207,10],[259,-51],[313,-21],[193,17]],[[7645,4376],[-99,3],[-72,-5],[-144,10],[-80,-15],[-130,-87],[-70,-34],[-159,42],[-137,-52],[-91,33]],[[6663,4271],[-79,-45],[-104,-65],[-82,23],[-22,77],[3,88],[-93,62],[-89,140],[-83,24],[-79,-25],[-71,-14]],[[5964,4536],[-61,122],[-82,14],[-106,-26],[-80,-25],[-158,96],[-125,-8],[-86,82],[-67,133],[-64,131]],[[4769,4841],[9,-1],[208,131],[149,84]],[[5964,4536],[-77,-64],[-48,-101],[-78,-44],[-81,-6],[-68,-53],[134,-147],[-76,-83],[-20,-109],[-85,-84],[-31,-90],[-65,-112],[-76,-73],[-81,-125]],[[5312,3445],[-3,10],[-17,39],[-19,37],[-24,34],[-26,32],[-27,32],[-23,34],[-18,39],[-11,45],[-12,42],[-20,30],[-37,13],[-44,0],[-39,-14],[-26,-26],[-21,-37],[-20,-40],[-23,-36],[-29,-29],[-30,-27]],[[4843,3623],[-47,109],[-11,90],[-28,154],[-8,136],[-41,85],[-78,112],[48,91],[33,51],[-32,86],[-35,134],[39,61],[86,109]],[[3720,5046],[140,-16],[220,-60],[104,-127],[208,-29]],[[4392,4814],[-125,-102],[-89,-53],[-77,-73],[-22,-90],[24,-86],[-24,-60],[-138,-88],[-78,-54],[-134,-165],[-22,-79],[10,-166],[-10,-137],[6,-97]],[[3713,3564],[-126,1],[-79,-34],[-49,-82],[-13,-79],[-22,-79],[-40,-91],[-78,-44],[-83,33],[-108,149],[-92,33]],[[3023,3371],[-23,86],[-109,22],[13,79],[31,90],[46,84],[51,98],[-30,57],[-109,12],[-55,16],[-41,85],[-5,87]],[[4392,4814],[15,-2],[221,54],[141,-25]],[[4843,3623],[-32,-25],[-33,-24],[-32,-25],[-32,-25],[-32,-27],[-31,-27],[-31,-27],[-31,-26],[-32,-24],[-37,-9],[-32,-16],[-22,-36],[-21,-39],[-22,-36],[-28,-25],[-41,4],[-42,5],[-39,0],[-26,-30],[-14,-26]],[[4233,3185],[-50,20],[-72,5],[-247,81],[-77,83],[-33,105],[-41,85]],[[8634,4703],[15,-38],[66,-101],[-114,-80],[-89,-78],[34,-212],[-135,-218],[-95,-238],[-34,-159]],[[8282,3579],[-57,104],[-81,4],[-78,-44],[-82,14],[-23,77],[13,88],[82,133],[49,91],[-225,151],[-55,25],[-74,24],[-83,44],[-23,86]],[[2221,4176],[-87,-45],[-4,-88],[22,-77],[54,4],[63,-6],[-24,-50],[-3,-88],[-14,-70],[-68,-63],[-68,-73],[-76,-73],[-33,-61],[-34,-133],[20,-82],[69,-93],[80,-141],[83,-44],[140,-88],[32,-76],[34,-124],[-21,-89],[14,-87],[32,-86],[-19,-138],[14,-87],[25,-105],[-4,-89],[-22,-96]],[[2426,1928],[-17,1],[-20,31],[-13,43],[-11,45],[-18,34],[-66,-1],[-40,0],[-40,1],[-39,0],[-13,0]],[[2149,2082],[-42,68],[-57,72],[-50,75],[-40,75],[-63,142],[-5,88],[14,69],[-7,117],[-68,83],[-81,14],[-55,6],[-68,83],[-50,94],[-132,99],[-83,43],[-104,91],[-83,23],[-71,-5],[-69,93],[-121,70],[-80,-5],[-163,8],[-299,68]],[[372,3553],[112,300],[149,199],[214,233],[196,-11],[167,29],[221,223],[186,90],[3,10]],[[6663,4271],[25,-126],[-31,-90],[-68,-63],[-66,-92],[14,-87],[128,-40],[75,-53],[51,-95],[-19,-128],[-38,-119],[-22,-80],[-56,-121],[-28,-138],[-13,-79],[-44,-159],[-55,-141],[5,-87]],[[6521,2573],[-80,-6],[-79,-44],[-54,6],[-64,15],[-149,88],[-84,62],[-63,6],[-78,-54],[-38,-110],[-127,21],[-296,155]],[[5409,2712],[10,23],[14,40],[3,40],[-11,41],[-15,41],[-13,41],[-8,43],[-6,43],[-7,42],[-26,19],[-11,31],[-2,41],[0,43],[0,44],[0,43],[-2,44],[-4,42],[-9,41],[-10,31]],[[8282,3579],[-4,-21],[-89,-139],[-130,-86],[-116,-112]],[[7943,3221],[-109,-62],[-79,-35],[-64,-131],[-40,-81],[-57,-91],[-61,-43],[-70,-34],[-86,-55],[-50,-62],[-39,-100],[-43,-32],[-61,-34],[-44,-12],[-118,11],[-64,25],[-84,53],[-83,33],[-132,-57],[-64,25],[-74,34]],[[3023,3371],[-88,-26],[-32,-70],[15,-87],[-31,-90],[-43,-42],[-146,-107],[-39,-91],[23,-86],[42,-114],[-12,-89],[-4,-88],[96,-63],[48,-83],[5,-88],[34,-132]],[[2891,2115],[-8,8],[-28,32],[-28,32],[-29,28],[-36,18],[-43,0],[-30,-21],[-23,-33],[-21,-38],[-22,-38],[-25,-34],[-26,-32],[-27,-33],[-29,-30],[-29,-27],[-35,-20],[-26,1]],[[4233,3185],[-6,-12],[-21,-40],[-24,-33],[-34,-12],[-45,9],[-37,-2],[-20,-31],[-13,-42],[-7,-46],[-2,-28],[-1,-15],[7,-43],[11,-42],[8,-41],[-17,-25],[-8,-42],[-6,-42],[-9,-42],[-13,-40],[-16,-39],[-16,-39],[-15,-40],[-12,-43],[-13,-43],[-17,-36],[-28,-18],[-43,5],[-41,3],[-39,0],[-40,0],[-39,0],[-40,-1],[-42,-4],[-34,14],[-31,25],[-30,30],[-29,31],[-30,29],[-31,24],[-39,3],[-41,-3],[-39,0],[-40,0],[-40,1],[-42,6],[-30,-20],[-23,-34],[-21,-38],[-22,-37],[-30,-22],[-17,-24],[1,-42],[2,-45],[-1,-21],[0,-22],[0,-47],[-1,-46],[-8,-38],[-28,-19],[-46,6],[-33,22],[-21,21]],[[2149,2082],[-27,0],[-39,0],[-40,0],[-21,2],[-20,1],[-43,5],[-27,-19],[-15,-39],[-12,-45],[-14,-40],[-37,-7],[-16,-30],[-2,-48],[-5,-46],[-19,-27],[-35,-5],[-43,7],[-45,8],[-39,-2],[-28,-22],[-19,-38],[-16,-44],[-21,-38],[-29,-26],[-34,-22],[-35,-20],[-30,-16],[-42,-23],[-35,-20],[-33,-24],[-28,-29],[-26,-32],[-24,-35],[-22,-35],[-22,-36],[-8,-16],[-11,-22],[-19,-38],[-21,-35],[-27,-32],[-30,-34],[-32,-34],[-33,-29],[-33,-21],[-31,-9],[-30,9],[-29,26],[-28,35],[-29,38],[-30,33],[-31,27],[-31,26],[-33,26],[-32,24],[-33,24],[-32,23],[-32,11],[-2,45],[2,48],[-8,38],[-28,19],[-46,1],[-39,-14],[-26,-29],[-70,32],[-59,-15],[-148,63],[-77,9],[33,25],[-12,112],[47,112],[163,12],[75,71],[-106,90],[49,150],[120,206],[-99,91],[-135,50],[-80,162],[7,142],[-108,74],[-44,83],[193,82],[142,77],[-111,147],[-142,71],[290,230]],[[8239,3324],[48,28],[158,20],[143,-85],[117,-99],[108,-4],[90,-69],[61,-136],[70,73],[108,-18],[123,-78],[9,-162],[104,-46],[-10,-71],[-14,-101],[-8,-43],[1,-41],[16,-36],[23,-37],[28,-34],[31,-29],[32,-20],[37,-8],[41,3],[41,5],[41,2],[39,-1],[40,0],[41,3],[41,5],[38,-3],[34,-17],[31,-26],[29,-31],[29,-32],[30,-28],[33,-21],[47,5],[43,6],[14,-23],[4,-37],[-1,-41],[-4,-45],[-7,-46],[-9,-46],[-9,-44],[-13,-39],[-22,-36],[-26,-35],[-20,-36],[-10,-40],[-3,-42],[0,-44],[2,-44],[2,-44],[-2,-42],[-6,-41],[-14,-38],[-22,-36],[-28,-34],[-32,-29],[-32,-21],[-38,-12],[-42,-1],[-41,9],[-35,19],[-33,32],[-32,37],[-30,34],[-27,24],[-25,4],[-14,-32],[-10,-52],[-15,-47],[-28,-22],[-40,-7],[-44,2],[-40,12],[-32,24],[-29,40],[-27,42],[-24,33],[-21,10],[-15,-25],[-11,-48],[-5,-34]],[[9216,1357],[-133,-17],[-83,44],[-15,96],[-41,85],[-27,155],[-40,65],[-66,54],[-92,43],[-124,-38],[-77,83],[-90,13],[4,88],[-59,84],[-91,14],[-77,-64],[-83,33],[-67,-82],[-82,14],[-59,84],[43,41],[80,6],[-3,58],[-87,102],[23,60],[22,89]],[[7992,2467],[79,25],[49,91],[86,64],[106,27],[72,1],[140,62],[48,91],[5,79],[-79,-35],[-45,7],[5,59],[-3,58],[-85,76],[-60,84],[-71,168]],[[7943,3221],[109,-8],[187,111]],[[7992,2467],[-23,86],[-81,-5],[-68,-63],[-33,-42],[-70,-43],[-62,-4],[-54,6],[-81,-6],[-80,-33],[-40,-63],[84,-53],[-48,-91],[77,-102],[6,-87],[-86,-65],[-31,-90],[5,-87],[91,-160],[74,-44],[81,-4],[60,-93]],[[7713,1424],[-70,-34],[-44,-13],[-81,-6],[4,-58],[32,-86],[-6,-58],[-14,-60],[-32,-70],[-68,-64],[-156,58],[-119,31],[-84,53],[-104,-56],[-58,-82],[-144,-146],[-152,-10],[-89,-69]],[[6528,754],[-28,9],[-18,-3],[-25,-5],[-24,